sample,cutoff,spec,n,n_left,n_right,h_left,h_right,f_left,f_right,rel_jump,t,p,sig,mde_rel,bad_fit
CA,25000,unrestricted,5790,682,392,3117.176984871932,3130.012290998213,1.8447821087100886e-05,1.592841085605796e-05,-0.13656952868024896,-0.4772336800648906,0.6331957304882609,False,0.8012734563342261,False
CA,25000,restricted,5790,682,392,10185.654503143274,10185.654503143274,2.0948047308012247e-05,1.5583114508689646e-05,-0.25610658217630683,-2.730821603277239,0.00631766593697769,True,0.2625943888949298,False
CA,15000,unrestricted,5790,1251,841,2226.637249087871,2253.434130130332,4.7864447260481365e-05,4.1107109708775625e-05,-0.14117655041396132,-0.7224097387979428,0.47004260109900287,False,0.5471885550945694,False
CA,15000,restricted,5790,1251,841,10797.347778926414,10797.347778926414,4.5633490317974625e-05,2.9434867250339444e-05,-0.3549722573216077,-6.078551441756392,1.212730804667217e-09,True,0.16351302280223995,False
CA,20000,unrestricted,5790,841,682,4541.55512854422,5273.343284372558,1.1922800136937256e-05,2.1898495553909705e-05,0.8366906517259644,2.105975377625511,0.03520649120716213,True,1.1124222294916546,False
CA,20000,restricted,5790,841,682,10606.770417252657,10606.770417252657,2.328175404811714e-05,2.7141277445260613e-05,0.16577459710152748,1.6971105076529318,0.08967577001837457,False,0.2735053903627128,False
CA,30000,unrestricted,5790,392,296,3656.4972775925426,3695.971608463366,1.3992160864192212e-05,1.5167630501366705e-05,0.08400915688317127,0.29503185190681575,0.7679695477960893,False,0.7972889630478758,False
CA,30000,restricted,5790,392,296,8687.841188101702,8687.841188101702,1.1184445637848722e-05,1.0667805221946512e-05,-0.046192760252137435,-0.31342641237855356,0.7539567202147524,False,0.4126637819845555,False
CA,35000,unrestricted,5790,296,292,4249.1880906970755,4314.430591825378,1.4846544000424678e-05,1.3989031410071802e-05,-0.05775839753200123,-0.2297006634442758,0.8183243793367652,False,0.7040620199551001,False
CA,35000,restricted,5790,296,292,8692.536606019008,8692.536606019008,9.129464562413054e-06,1.2074044372182803e-05,0.3225358715880104,1.9781080973651617,0.04791651329211,True,0.4565475676730499,False
CA,40000,unrestricted,5790,292,205,4594.015897747201,4670.590930266137,1.1968652009949735e-05,1.0527939673320689e-05,-0.12037381782270537,-0.48205107071013387,0.6297696670368684,False,0.6991929079361954,False
CA,40000,restricted,5790,292,205,9098.46281673438,9098.46281673438,9.159038610233932e-06,7.3471916867695475e-06,-0.1978206447825104,-1.405945731691731,0.159740240072884,False,0.3939681261555814,False
WA,25000,unrestricted,1598,143,92,3989.6530575894953,4083.0183091543868,-1.720395684336069e-06,1.5401298858373155e-05,,2.3447715319473343,0.01903874188742738,True,,True
WA,25000,restricted,1598,143,92,10062.032330131182,10062.032330131182,1.5267775102523565e-05,1.1261959860829807e-05,-0.26237059524354983,-1.16195276797094,0.24525465103790278,False,0.632244000730598,False
WA,15000,unrestricted,1598,337,243,5782.881155922451,5944.947958093814,5.125455914846334e-05,5.541139270159704e-05,0.08110173264963742,0.3635321549993982,0.7162073972945764,False,0.6246623532362926,False
WA,15000,restricted,1598,337,243,13631.946728096735,13631.946728096735,5.1698952757111235e-05,2.724633071719304e-05,-0.4729809935377214,-4.915946604132346,8.835447928845497e-07,True,0.26939812177625644,False
WA,20000,unrestricted,1598,243,143,5735.273047896659,5760.095342089064,3.4289127436211624e-05,1.892248335050971e-05,-0.44814917248298675,-1.8200348344118815,0.06875370024762062,False,0.689447069488557,False
WA,20000,restricted,1598,243,143,16159.583370788652,16159.583370788652,3.202874728363886e-05,1.824953308274586e-05,-0.43021395994253536,-3.9743317281911796,7.057713891023276e-05,True,0.30309475157659854,False
WA,30000,unrestricted,1598,92,80,3973.7213784762084,4028.468336989979,5.436898222118235e-06,1.0017576615328961e-05,0.8425168553966562,0.6376897370612733,0.5236756675727867,False,3.699365158332421,False
WA,30000,restricted,1598,92,80,9469.015352833483,9469.015352833483,1.0932738824091541e-05,9.796961270500053e-06,-0.10388774230009709,-0.38480324430405893,0.7003831952707256,False,0.7559335394023433,False
WA,35000,unrestricted,1598,80,100,4364.874936563634,4504.82517475002,1.4406375643672363e-05,1.699270865502587e-05,0.17952697301000134,0.34669404533246573,0.7288211842266992,False,1.4499110417254442,False
WA,35000,restricted,1598,80,100,10697.17293557927,10697.17293557927,9.406317040830556e-06,1.4012536772555727e-05,0.48969428860739883,1.6935486067999859,0.09035109100466365,False,0.8096277854649457,False
WA,40000,unrestricted,1598,100,77,5155.223555403228,5566.542717070738,1.3557025464979156e-05,4.332852662347059e-06,-0.6803979845328318,-1.483383615192437,0.13797251813842082,False,1.2843032221606288,False
WA,40000,restricted,1598,100,77,11993.10711053362,11993.10711053362,1.1582656126685158e-05,9.653430821201006e-06,-0.16656156276965095,-0.7541132915509542,0.4507811969321105,False,0.6184380795037486,False
CA+WA,25000,unrestricted,7388,825,484,2977.363454884721,2986.3243360347365,1.490387073120419e-05,1.5786261246255912e-05,0.05920545950551381,0.19445449899514386,0.8458200201827608,False,0.852514534104858,False
CA+WA,25000,restricted,7388,825,484,9027.158318767386,9027.158318767386,2.0474714534879884e-05,1.4064861614688154e-05,-0.31306189442945187,-3.554727216251631,0.0003783714242928671,True,0.2465936909012077,False
CA+WA,15000,unrestricted,7388,1588,1084,2273.728324048471,2305.4342078490804,4.471749114901872e-05,4.1566064705341984e-05,-0.07047413355938886,-0.37605436876160125,0.7068764770105631,False,0.524731502564684,False
CA+WA,15000,restricted,7388,1588,1084,24735.100066780502,24735.100066780502,4.629108667912943e-05,2.3532766431113983e-05,-0.4916350399325612,-10.423136319692437,0.0,True,0.1320694721425068,False
CA+WA,20000,unrestricted,7388,1084,825,5646.182619003235,7406.493510233892,1.6227386310867033e-05,1.9775279385837537e-05,0.21863613813116525,0.9542824814971747,0.3399406732201671,False,0.6415094048533837,False
CA+WA,20000,restricted,7388,1084,825,9859.655053554572,9859.655053554572,2.301499880516991e-05,2.665828742806985e-05,0.1583006218571492,1.7897609018393326,0.0734923570960635,False,0.24765416472362273,False
CA+WA,30000,unrestricted,7388,484,376,3306.4445865771836,3380.9846152334403,1.2257776300780999e-05,1.4123039077460062e-05,0.15216975174854666,0.5147650710527639,0.6067171961234858,False,0.8277082670441279,False
CA+WA,30000,restricted,7388,484,376,8041.05686441274,8041.05686441274,1.180795568328773e-05,9.894010552627857e-06,-0.16208945748066747,-1.2753408078839301,0.2021886397582624,False,0.3558660384269412,False
CA+WA,35000,unrestricted,7388,376,392,3823.009550995058,3852.7939947027476,1.5414135982721816e-05,1.3978530480028014e-05,-0.09313564537791914,-0.398978593960752,0.6899089770423139,False,0.6536185424620219,False
CA+WA,35000,restricted,7388,376,392,8239.292560951408,8239.292560951408,9.107408018712129e-06,1.2894205635070604e-05,0.41579312232175175,2.733421945777007,0.006267997770256883,True,0.4259206099883572,False
CA+WA,40000,unrestricted,7388,392,282,4201.0466843342565,4389.963490189892,1.3415669725107428e-05,9.252480865577043e-06,-0.310322849685169,-1.4736559232386115,0.14057425599576012,False,0.589624732216261,False
CA+WA,40000,restricted,7388,392,282,8683.02111916718,8683.02111916718,9.346843424375871e-06,7.832727852232599e-06,-0.1619921831786089,-1.257474769182135,0.20858176968880882,False,0.36070553780980685,False
