bin,permit,n,exits,exit_rate,se,lo,hi,med_emissions
<5k,Title V major,713.0,158.0,0.22159887798036465,0.015553951494532219,0.1911131330510815,0.2520846229096478,1665.644
<5k,minor / synthetic minor,394.0,90.0,0.22842639593908629,0.021150162758572972,0.18697207693228327,0.26988071494588933,1798.875
<5k,no CAA permit,543.0,134.0,0.24677716390423574,0.01850181392130701,0.210513608618474,0.28304071918999746,1433.25
5–10k,Title V major,457.0,65.0,0.1422319474835886,0.016338997703311785,0.11020751198509751,0.1742563829820797,7238.0
5–10k,minor / synthetic minor,261.0,50.0,0.19157088122605365,0.02435933728567797,0.14382658014612482,0.23931518230598248,7344.244
5–10k,no CAA permit,365.0,61.0,0.16712328767123288,0.019528208917666535,0.12884799819260648,0.2053985771498593,7421.75
10–15k,Title V major,333.0,57.0,0.17117117117117117,0.02064075688626801,0.13071528767408586,0.2116270546682565,12300.952
10–15k,minor / synthetic minor,134.0,32.0,0.23880597014925373,0.036831370346073304,0.16661648427095005,0.3109954560275574,12457.671999999999
10–15k,no CAA permit,298.0,57.0,0.1912751677852349,0.02278355832862762,0.14661939346112476,0.23593094210934504,12325.792000000001
15–20k,Title V major,222.0,33.0,0.14864864864864866,0.023875826281968826,0.10185202913598976,0.19544526816130756,17755.800000000003
15–20k,minor / synthetic minor,65.0,17.0,0.26153846153846155,0.05450985721367018,0.154699141399668,0.3683777816772551,17565.184
15–20k,no CAA permit,197.0,44.0,0.2233502538071066,0.029673769196581996,0.1651896661818059,0.28151084143240734,17210.546
20–25k,Title V major,147.0,15.0,0.10204081632653061,0.02496643844249782,0.05310659697923489,0.15097503567382634,22558.514
20–25k,minor / synthetic minor,62.0,13.0,0.20967741935483872,0.051699004664957714,0.1083473702115216,0.31100746849815586,22422.112
20–25k,no CAA permit,129.0,30.0,0.23255813953488372,0.03719577904607766,0.1596544126045715,0.3054618664651959,21876.0
