cutoff,spec,n_left,n_right,rel_jump,t,p,sig
25000,unrestricted,1237,1286,-0.04065033956618565,-0.3517241329360429,0.7250451601372374,False
25000,restricted,1237,1286,0.11237534509291652,2.0134228397786766,0.044070164819747015,True
15000,unrestricted,1140,1098,-0.15073928107946952,-1.1903600846925178,0.23390489432057127,False
15000,restricted,1140,1098,-0.08687830158394994,-1.3140745201745287,0.18882112771870685,False
20000,unrestricted,1098,1237,-0.07603077278178086,-0.6903529059785463,0.48997228474831345,False
20000,restricted,1098,1237,0.24869317046538614,4.169185183119025,3.056905426279677e-05,True
30000,unrestricted,1286,1242,0.1454598206268228,1.551781390977048,0.12071454007293747,False
30000,restricted,1286,1242,-0.02399982053934094,-0.42600633225093326,0.6701032318715479,False
35000,unrestricted,1242,1088,-0.046329480305032554,-0.3584633278119038,0.7199966070841186,False
35000,restricted,1242,1088,-0.15881192277093167,-2.931387402105269,0.0033745167159493494,True
40000,unrestricted,1088,1057,-0.09128336896872713,-0.6901086054534175,0.49012589192237765,False
40000,restricted,1088,1057,0.0767119095328736,1.2769171702337463,0.20163149155675897,False
