cutoff,kind,window,far_def,n_near,n_far,diff__raw,t__raw,p__raw,lo__raw,hi__raw,diff__year FE,t__year FE,p__year FE,lo__year FE,hi__year FE,diff__year x NAICS3 FE,t__year x NAICS3 FE,p__year x NAICS3 FE,lo__year x NAICS3 FE,hi__year x NAICS3 FE,diff__facility FE,t__facility FE,p__facility FE,lo__facility FE,hi__facility FE,sd_ratio_raw,sd_ratio_yr_n3,median_diff_raw
25000,REAL,1000,far_all,2026,83033,0.0092,0.81,0.4187,-0.01311,0.03152,0.00851,0.75,0.4533,-0.01373,0.03076,0.0067,0.59,0.5565,-0.01562,0.02902,0.01528,1.35,0.1786,-0.00698,0.03754,0.826,0.836,0.00754
25000,REAL,1000,far_band,2026,46875,0.01988,1.74,0.0825,-0.00256,0.04231,0.01907,1.67,0.0947,-0.0033,0.04144,0.01848,1.61,0.1066,-0.00396,0.04092,0.02442,2.14,0.0324,0.00205,0.04679,0.955,0.968,0.00593
25000,REAL,2000,far_all,4035,81024,-0.0021,-0.24,0.8101,-0.01923,0.01503,-0.00202,-0.23,0.8168,-0.01908,0.01505,-0.00326,-0.37,0.7077,-0.02028,0.01377,0.00729,0.86,0.3893,-0.00931,0.02389,0.882,0.886,0.00538
25000,REAL,2000,far_band,4035,44866,0.00879,1.0,0.3192,-0.00851,0.02609,0.00878,1.0,0.3182,-0.00846,0.02601,0.0088,1.0,0.3158,-0.00839,0.02599,0.01682,1.97,0.049,7e-05,0.03357,1.025,1.032,0.00374
25000,REAL,3000,far_all,5848,79211,-0.00333,-0.43,0.6636,-0.01832,0.01167,-0.00335,-0.44,0.66,-0.0183,0.01159,-0.00441,-0.58,0.5614,-0.01929,0.01047,0.00774,1.05,0.2959,-0.00677,0.02225,0.919,0.922,0.00529
25000,REAL,3000,far_band,5848,43053,0.00792,1.02,0.3073,-0.00728,0.02311,0.00778,1.01,0.3141,-0.00737,0.02293,0.00803,1.04,0.2966,-0.00705,0.0231,0.01783,2.38,0.0174,0.00314,0.03252,1.076,1.082,0.00375
25000,REAL,4000,far_all,7608,77451,-0.00665,-0.99,0.3199,-0.01976,0.00646,-0.00631,-0.95,0.3443,-0.01937,0.00676,-0.00766,-1.15,0.2482,-0.02067,0.00534,0.00515,0.8,0.4228,-0.00744,0.01774,0.9,0.902,0.00454
25000,REAL,4000,far_band,7608,41293,0.00475,0.7,0.4861,-0.00861,0.01811,0.00501,0.74,0.4608,-0.00831,0.01834,0.00497,0.74,0.4621,-0.00828,0.01822,0.01561,2.39,0.017,0.00279,0.02842,1.056,1.062,0.00296
25000,REAL,5000,far_all,9341,75718,-0.00655,-1.08,0.2796,-0.01843,0.00533,-0.0061,-1.01,0.3126,-0.01795,0.00574,-0.00779,-1.3,0.1947,-0.01956,0.00398,0.00753,1.3,0.1944,-0.00384,0.01891,0.887,0.888,0.00421
25000,REAL,5000,far_band,9341,39560,0.00523,0.84,0.3998,-0.00695,0.01742,0.00561,0.91,0.365,-0.00653,0.01776,0.00524,0.85,0.3945,-0.00682,0.01731,0.01878,3.16,0.0016,0.00714,0.03043,1.044,1.048,0.00261
25000,REAL,6000,far_all,10987,74072,-0.00502,-0.88,0.3768,-0.01616,0.00612,-0.00479,-0.84,0.3983,-0.0159,0.00632,-0.00598,-1.06,0.2889,-0.01703,0.00507,0.0088,1.61,0.1066,-0.00189,0.01949,0.888,0.891,0.0043
25000,REAL,6000,far_band,10987,37914,0.00734,1.25,0.21,-0.00414,0.01883,0.00749,1.28,0.2001,-0.00397,0.01894,0.0077,1.33,0.185,-0.00368,0.01908,0.02084,3.72,0.0002,0.00985,0.03183,1.051,1.057,0.00269
25000,REAL,7000,far_all,12512,72547,-0.00275,-0.51,0.6076,-0.01326,0.00775,-0.00246,-0.46,0.6456,-0.01294,0.00802,-0.00407,-0.77,0.4434,-0.01449,0.00634,0.01203,2.34,0.0194,0.00195,0.02212,0.878,0.88,0.00399
25000,REAL,7000,far_band,12512,36389,0.01037,1.87,0.0621,-0.00052,0.02127,0.01059,1.91,0.0563,-0.00028,0.02146,0.01035,1.88,0.0604,-0.00045,0.02114,0.0252,4.74,0.0,0.01477,0.03563,1.041,1.047,0.00235
25000,REAL,8000,far_all,13941,71118,-0.00395,-0.76,0.4462,-0.01411,0.00621,-0.00382,-0.74,0.4607,-0.01395,0.00632,-0.0056,-1.09,0.2761,-0.01567,0.00448,0.01254,2.53,0.0116,0.00281,0.02227,0.886,0.888,0.00378
25000,REAL,8000,far_band,13941,34960,0.00946,1.75,0.0797,-0.00112,0.02005,0.00949,1.76,0.0781,-0.00107,0.02005,0.00908,1.7,0.0894,-0.0014,0.01956,0.02654,5.15,0.0,0.01644,0.03664,1.058,1.064,0.00212
25000,REAL,9000,far_all,15296,69763,-0.00352,-0.7,0.485,-0.01342,0.00637,-0.00328,-0.65,0.5147,-0.01315,0.00659,-0.0052,-1.04,0.2982,-0.01501,0.0046,0.01357,2.81,0.0049,0.00412,0.02302,0.895,0.896,0.00373
25000,REAL,9000,far_band,15296,33605,0.01044,1.98,0.0478,0.0001,0.02079,0.0106,2.01,0.044,0.00029,0.02092,0.01005,1.92,0.0543,-0.00019,0.02029,0.02855,5.69,0.0,0.01871,0.03839,1.077,1.083,0.00207
25000,REAL,10000,far_all,16721,68338,-0.00542,-1.1,0.2715,-0.01509,0.00424,-0.00525,-1.07,0.2856,-0.0149,0.00439,-0.00689,-1.41,0.1576,-0.01645,0.00267,0.01242,2.65,0.0081,0.00322,0.02162,0.906,0.904,0.00361
25000,REAL,10000,far_band,16721,32180,0.00868,1.68,0.0934,-0.00146,0.01882,0.00874,1.69,0.0902,-0.00137,0.01885,0.00857,1.68,0.0936,-0.00145,0.01858,0.02807,5.72,0.0,0.01846,0.03768,1.102,1.103,0.00193
40000,placebo,1000,far_all,1581,83478,-0.01079,-0.88,0.3777,-0.03477,0.01319,-0.01035,-0.85,0.3961,-0.03426,0.01356,-0.01241,-1.04,0.2969,-0.03574,0.01091,-0.01068,-0.9,0.3688,-0.03398,0.01261,0.787,0.772,-0.00091
40000,placebo,1000,far_band,1581,47320,-0.00054,-0.04,0.9648,-0.02464,0.02355,-0.00019,-0.02,0.9875,-0.02422,0.02383,-0.00104,-0.09,0.9306,-0.02448,0.0224,-0.00206,-0.17,0.8631,-0.02546,0.02134,0.908,0.893,-0.00261
40000,placebo,2000,far_all,3075,81984,-0.00805,-0.93,0.355,-0.02511,0.00901,-0.0082,-0.95,0.3443,-0.0252,0.0088,-0.00956,-1.12,0.2611,-0.02625,0.00712,-0.01034,-1.23,0.2172,-0.02677,0.00608,0.765,0.755,-0.00105
40000,placebo,2000,far_band,3075,45826,0.00246,0.28,0.7796,-0.01478,0.0197,0.00221,0.25,0.801,-0.01497,0.01938,0.00209,0.24,0.8083,-0.01477,0.01894,-0.00157,-0.19,0.8523,-0.01816,0.01501,0.883,0.873,-0.00282
40000,placebo,3000,far_all,4623,80436,-0.00984,-1.35,0.1768,-0.02411,0.00444,-0.01027,-1.41,0.1572,-0.0245,0.00396,-0.01202,-1.68,0.0938,-0.02608,0.00204,-0.01077,-1.56,0.1188,-0.02431,0.00276,0.77,0.766,0.00073
40000,placebo,3000,far_band,4623,44278,0.00084,0.11,0.9091,-0.01366,0.01535,0.00029,0.04,0.9686,-0.01417,0.01475,-0.00021,-0.03,0.9767,-0.0145,0.01407,-0.00187,-0.27,0.7892,-0.01562,0.01187,0.89,0.887,-0.00109
40000,placebo,4000,far_all,6211,78848,-0.00993,-1.51,0.1306,-0.02281,0.00295,-0.00962,-1.47,0.1418,-0.02246,0.00322,-0.01259,-1.94,0.0527,-0.02533,0.00015,-0.01206,-1.92,0.0549,-0.02438,0.00025,0.793,0.793,0.00177
40000,placebo,4000,far_band,6211,42690,0.00099,0.15,0.883,-0.01216,0.01413,0.00121,0.18,0.8566,-0.0119,0.01431,-0.00057,-0.09,0.9315,-0.01357,0.01243,-0.00308,-0.48,0.6303,-0.01565,0.00948,0.918,0.92,-8e-05
40000,placebo,5000,far_all,7840,77219,-0.01265,-2.07,0.0387,-0.02464,-0.00066,-0.01234,-2.02,0.0431,-0.0243,-0.00038,-0.01476,-2.43,0.0149,-0.02665,-0.00287,-0.01428,-2.46,0.014,-0.02567,-0.00289,0.819,0.821,0.00176
40000,placebo,5000,far_band,7840,41061,-0.00168,-0.27,0.7886,-0.01398,0.01061,-0.00146,-0.23,0.8154,-0.01372,0.0108,-0.00266,-0.43,0.6692,-0.01484,0.00953,-0.00533,-0.89,0.3709,-0.01699,0.00634,0.952,0.957,-0.00016
40000,placebo,6000,far_all,9554,75505,-0.0099,-1.81,0.0703,-0.02062,0.00082,-0.00965,-1.77,0.0769,-0.02035,0.00104,-0.01252,-2.31,0.0211,-0.02317,-0.00188,-0.01309,-2.52,0.0119,-0.02329,-0.0029,0.785,0.788,0.00249
40000,placebo,6000,far_band,9554,39347,0.00159,0.28,0.7791,-0.00952,0.01269,0.00175,0.31,0.7569,-0.00933,0.01283,7e-05,0.01,0.9901,-0.01095,0.01109,-0.00389,-0.72,0.4696,-0.01444,0.00666,0.91,0.916,0.00063
40000,placebo,7000,far_all,11136,73923,-0.00851,-1.65,0.0985,-0.01861,0.00158,-0.00816,-1.59,0.1126,-0.01823,0.00192,-0.01107,-2.16,0.0304,-0.02109,-0.00105,-0.01199,-2.45,0.0143,-0.02158,-0.00239,0.781,0.784,0.00244
40000,placebo,7000,far_band,11136,37765,0.00346,0.64,0.5203,-0.00708,0.014,0.00374,0.7,0.486,-0.00678,0.01425,0.00201,0.38,0.7058,-0.00844,0.01246,-0.00249,-0.49,0.625,-0.01249,0.00751,0.906,0.912,0.00054
40000,placebo,8000,far_all,12795,72264,-0.00808,-1.65,0.0998,-0.0177,0.00154,-0.00788,-1.61,0.1077,-0.01748,0.00172,-0.0111,-2.28,0.0226,-0.02064,-0.00155,-0.01044,-2.23,0.0255,-0.01961,-0.00128,0.782,0.784,0.00256
40000,placebo,8000,far_band,12795,36106,0.00434,0.84,0.4015,-0.0058,0.01447,0.00444,0.86,0.389,-0.00567,0.01455,0.00236,0.46,0.6445,-0.00767,0.0124,-0.00051,-0.1,0.9166,-0.01014,0.00911,0.908,0.913,0.00061
40000,placebo,9000,far_all,14480,70579,-0.00909,-1.92,0.0554,-0.01838,0.00021,-0.00902,-1.91,0.0566,-0.01829,0.00025,-0.01273,-2.71,0.0068,-0.02195,-0.00351,-0.01161,-2.58,0.0099,-0.02042,-0.00279,0.789,0.791,0.00162
40000,placebo,9000,far_band,14480,34421,0.00359,0.71,0.4756,-0.00628,0.01346,0.00354,0.7,0.4811,-0.00631,0.01338,0.00087,0.17,0.8613,-0.0089,0.01065,-0.00162,-0.34,0.7343,-0.01096,0.00772,0.918,0.925,-0.00045
40000,placebo,10000,far_all,16222,68837,-0.00892,-1.96,0.0505,-0.01785,2e-05,-0.00881,-1.94,0.0527,-0.01773,0.0001,-0.01254,-2.77,0.0056,-0.02141,-0.00368,-0.01171,-2.7,0.0069,-0.02021,-0.00322,0.782,0.785,0.00158
40000,placebo,10000,far_band,16222,32679,0.00427,0.87,0.3834,-0.00533,0.01387,0.00425,0.87,0.3839,-0.00532,0.01383,0.00153,0.32,0.7525,-0.00798,0.01104,-0.00148,-0.32,0.7497,-0.01058,0.00762,0.91,0.918,-0.00059
60000,placebo,1000,far_all,968,84091,0.00486,0.41,0.6822,-0.01841,0.02814,0.00432,0.36,0.7155,-0.0189,0.02754,0.00192,0.16,0.8707,-0.02122,0.02507,-0.00508,-0.45,0.6544,-0.0273,0.01715,0.597,0.6,0.00407
60000,placebo,1000,far_band,968,47933,0.01517,1.27,0.2036,-0.00822,0.03857,0.01453,1.22,0.2223,-0.0088,0.03787,0.01334,1.12,0.261,-0.00992,0.0366,0.00354,0.31,0.7558,-0.01879,0.02587,0.688,0.692,0.00244
60000,placebo,2000,far_all,1924,83135,-0.01527,-1.57,0.1174,-0.03439,0.00385,-0.016,-1.64,0.1005,-0.03509,0.00309,-0.02065,-2.12,0.0337,-0.03971,-0.00159,-0.0188,-2.03,0.0427,-0.03698,-0.00062,0.684,0.689,0.00065
60000,placebo,2000,far_band,1924,46977,-0.00506,-0.51,0.6069,-0.02433,0.01421,-0.0059,-0.6,0.5482,-0.02514,0.01335,-0.00938,-0.96,0.3383,-0.02859,0.00982,-0.01029,-1.1,0.2709,-0.0286,0.00803,0.788,0.796,-0.00109
60000,placebo,3000,far_all,2889,82170,-0.02579,-2.99,0.0028,-0.04268,-0.0089,-0.02623,-3.06,0.0022,-0.04306,-0.00941,-0.02942,-3.46,0.0005,-0.04607,-0.01276,-0.02837,-3.44,0.0006,-0.04453,-0.01222,0.734,0.73,-0.00163
60000,placebo,3000,far_band,2889,46012,-0.01578,-1.81,0.07,-0.03285,0.00129,-0.01633,-1.88,0.0597,-0.03334,0.00067,-0.01833,-2.13,0.0328,-0.03515,-0.0015,-0.02011,-2.42,0.0157,-0.03642,-0.00379,0.846,0.844,-0.00346
60000,placebo,4000,far_all,3835,81224,-0.02085,-2.87,0.0041,-0.03507,-0.00663,-0.02117,-2.93,0.0034,-0.03534,-0.007,-0.02328,-3.24,0.0012,-0.03735,-0.0092,-0.02592,-3.7,0.0002,-0.03964,-0.0122,0.699,0.699,0.00082
60000,placebo,4000,far_band,3835,45066,-0.01068,-1.45,0.1473,-0.02512,0.00377,-0.01111,-1.51,0.1303,-0.02551,0.00328,-0.01199,-1.64,0.1001,-0.02629,0.0023,-0.01764,-2.48,0.013,-0.03156,-0.00373,0.804,0.806,-0.00101
60000,placebo,5000,far_all,4821,80238,-0.01675,-2.64,0.0084,-0.0292,-0.0043,-0.01708,-2.7,0.007,-0.0295,-0.00467,-0.01922,-3.05,0.0023,-0.03159,-0.00685,-0.02376,-3.86,0.0001,-0.03582,-0.0117,0.672,0.675,0.0012
60000,placebo,5000,far_band,4821,44080,-0.00636,-0.98,0.3275,-0.01908,0.00637,-0.00681,-1.05,0.2928,-0.0195,0.00588,-0.00772,-1.2,0.2312,-0.02036,0.00492,-0.01545,-2.46,0.0139,-0.02775,-0.00314,0.772,0.777,-0.00064
60000,placebo,6000,far_all,5760,79299,-0.02186,-3.49,0.0005,-0.03412,-0.00959,-0.02177,-3.49,0.0005,-0.034,-0.00955,-0.02377,-3.85,0.0001,-0.03587,-0.01166,-0.02901,-4.92,0.0,-0.04057,-0.01746,0.721,0.718,0.00135
60000,placebo,6000,far_band,5760,43141,-0.01169,-1.83,0.068,-0.02424,0.00086,-0.0117,-1.83,0.0668,-0.02422,0.00081,-0.01245,-1.97,0.0488,-0.02484,-6e-05,-0.02104,-3.49,0.0005,-0.03286,-0.00921,0.83,0.829,-0.00049
60000,placebo,7000,far_all,6808,78251,-0.02348,-3.84,0.0001,-0.03546,-0.01151,-0.02353,-3.86,0.0001,-0.03547,-0.01159,-0.02541,-4.21,0.0,-0.03725,-0.01357,-0.03024,-5.29,0.0,-0.04145,-0.01903,0.761,0.76,0.00124
60000,placebo,7000,far_band,6808,42093,-0.0134,-2.14,0.0324,-0.02568,-0.00112,-0.01356,-2.17,0.0299,-0.0258,-0.00132,-0.01418,-2.29,0.0221,-0.02631,-0.00204,-0.02245,-3.83,0.0001,-0.03395,-0.01096,0.879,0.88,-0.00063
60000,placebo,8000,far_all,7869,77190,-0.02566,-4.3,0.0,-0.03734,-0.01397,-0.02565,-4.31,0.0,-0.03731,-0.014,-0.02767,-4.69,0.0,-0.03924,-0.0161,-0.03343,-6.09,0.0,-0.04419,-0.02267,0.795,0.795,0.00121
60000,placebo,8000,far_band,7869,41032,-0.01575,-2.57,0.0101,-0.02775,-0.00375,-0.01586,-2.6,0.0094,-0.02783,-0.00388,-0.01661,-2.74,0.0061,-0.02849,-0.00473,-0.02604,-4.61,0.0,-0.03711,-0.01497,0.921,0.923,-0.00073
60000,placebo,9000,far_all,8890,76169,-0.02467,-4.42,0.0,-0.03562,-0.01372,-0.02476,-4.44,0.0,-0.03568,-0.01383,-0.02669,-4.82,0.0,-0.03754,-0.01585,-0.03395,-6.57,0.0,-0.04408,-0.02383,0.778,0.779,0.00055
60000,placebo,9000,far_band,8890,40011,-0.0147,-2.55,0.0109,-0.02602,-0.00338,-0.0149,-2.59,0.0097,-0.02619,-0.00362,-0.01556,-2.72,0.0065,-0.02676,-0.00436,-0.02678,-5.01,0.0,-0.03726,-0.0163,0.901,0.904,-0.00152
60000,placebo,10000,far_all,9895,75164,-0.02389,-4.5,0.0,-0.0343,-0.01349,-0.02399,-4.53,0.0,-0.03437,-0.0136,-0.0258,-4.9,0.0,-0.03612,-0.01548,-0.03382,-6.9,0.0,-0.04342,-0.02421,0.768,0.77,0.0008
60000,placebo,10000,far_band,9895,39006,-0.01385,-2.51,0.0121,-0.02467,-0.00303,-0.01407,-2.55,0.0106,-0.02486,-0.00328,-0.01458,-2.67,0.0077,-0.02529,-0.00386,-0.02682,-5.25,0.0,-0.03682,-0.01681,0.888,0.893,-0.0013
