cutoff,kind,window,n,rel_start,share_low_draw,growth_mean,diff_facFE,p_facFE
25000,REAL,1000,2026,-0.1002,0.5898,-0.0222,0.02442,0.0324
25000,REAL,2000,4035,-0.1069,0.6114,-0.0332,0.01682,0.049
25000,REAL,3000,5848,-0.1048,0.611,-0.0343,0.01783,0.0174
25000,REAL,4000,7608,-0.1026,0.6126,-0.0372,0.01561,0.017
25000,REAL,5000,9341,-0.1034,0.6092,-0.037,0.01878,0.0016
25000,REAL,6000,10987,-0.1051,0.605,-0.0355,0.02084,0.0002
25000,REAL,7000,12512,-0.1095,0.6055,-0.0335,0.0252,0.0
25000,REAL,8000,13941,-0.1143,0.6064,-0.0345,0.02654,0.0
25000,REAL,9000,15296,-0.1166,0.6063,-0.034,0.02855,0.0
25000,REAL,10000,16721,-0.119,0.6043,-0.0355,0.02807,0.0
40000,placebo,1000,1581,-0.022,0.4864,-0.0417,-0.00206,0.8631
40000,placebo,2000,3075,-0.0181,0.4823,-0.0389,-0.00157,0.8523
40000,placebo,3000,4623,-0.0212,0.4969,-0.0405,-0.00187,0.7892
40000,placebo,4000,6211,-0.0241,0.5025,-0.0404,-0.00308,0.6303
40000,placebo,5000,7840,-0.0247,0.4996,-0.0426,-0.00533,0.3709
40000,placebo,6000,9554,-0.0257,0.5014,-0.0399,-0.00389,0.4696
40000,placebo,7000,11136,-0.0267,0.5013,-0.0386,-0.00249,0.625
40000,placebo,8000,12795,-0.0281,0.5028,-0.038,-0.00051,0.9166
40000,placebo,9000,14480,-0.0288,0.5023,-0.0387,-0.00162,0.7343
40000,placebo,10000,16222,-0.03,0.5023,-0.0384,-0.00148,0.7497
60000,placebo,1000,968,-0.0112,0.4762,-0.0264,0.00354,0.7558
60000,placebo,2000,1924,0.0056,0.4673,-0.0461,-0.01029,0.2709
60000,placebo,3000,2889,0.0005,0.4666,-0.0561,-0.02011,0.0157
60000,placebo,4000,3835,0.0001,0.4691,-0.0511,-0.01764,0.013
60000,placebo,5000,4821,-0.0012,0.4686,-0.047,-0.01545,0.0139
60000,placebo,6000,5760,0.0009,0.4651,-0.0515,-0.02104,0.0005
60000,placebo,7000,6808,0.0012,0.4649,-0.0528,-0.02245,0.0001
60000,placebo,8000,7869,0.003,0.4664,-0.0544,-0.02604,0.0
60000,placebo,9000,8890,0.0024,0.4657,-0.0533,-0.02678,0.0
60000,placebo,10000,9895,0.0014,0.4657,-0.0523,-0.02682,0.0
