sample,cutoff,kind,excl_shape,excl_below,excl_above,fit_range,bin_w,order,n_fit,n_excl_below,excess,lo,hi,sig
CA,25000,REAL federal reporting / state verification,symmetric,1000,1000,"[12,000, 38,000]",1000,4,3096,121,0.119,-0.254,0.417,False
CA,25000,REAL federal reporting / state verification,asymmetric (below only),1000,0,"[12,000, 38,000]",1000,4,3096,121,0.166,-0.192,0.48,False
CA,25000,REAL federal reporting / state verification,symmetric,2000,2000,"[12,000, 38,000]",1000,4,3096,261,0.421,-0.0,1.02,False
CA,25000,REAL federal reporting / state verification,asymmetric (below only),2000,0,"[12,000, 38,000]",1000,4,3096,261,0.533,0.094,1.11,True
CA,25000,REAL federal reporting / state verification,symmetric,3000,3000,"[12,000, 38,000]",1000,4,3096,416,1.216,0.524,2.131,True
CA,25000,REAL federal reporting / state verification,asymmetric (below only),3000,0,"[12,000, 38,000]",1000,4,3096,416,1.156,0.502,1.801,True
CA,25000,REAL federal reporting / state verification,symmetric,5000,5000,"[12,000, 38,000]",1000,4,3096,682,3.192,1.482,6.07,True
CA,25000,REAL federal reporting / state verification,asymmetric (below only),5000,0,"[12,000, 38,000]",1000,4,3096,682,1.386,0.606,2.377,True
CA,20000,placebo,symmetric,1000,1000,"[12,000, 28,000]",1000,4,2466,112,-0.314,-0.499,-0.124,True
CA,20000,placebo,asymmetric (below only),1000,0,"[12,000, 28,000]",1000,4,2466,112,-0.298,-0.496,-0.118,True
CA,20000,placebo,symmetric,2000,2000,"[12,000, 28,000]",1000,4,2466,263,-0.655,-0.828,-0.458,True
CA,20000,placebo,asymmetric (below only),2000,0,"[12,000, 28,000]",1000,4,2466,263,-0.454,-0.728,-0.206,True
CA,20000,placebo,symmetric,3000,3000,"[12,000, 28,000]",1000,4,2466,458,-0.713,-1.02,-0.321,True
CA,20000,placebo,asymmetric (below only),3000,0,"[12,000, 28,000]",1000,4,2466,458,-0.308,-0.684,0.093,False
CA,20000,placebo,symmetric,5000,5000,"[12,000, 28,000]",1000,4,2466,841,-1.562,-2.321,-0.002,True
CA,20000,placebo,asymmetric (below only),5000,0,"[12,000, 28,000]",1000,4,2466,841,-0.399,-0.974,0.243,False
CA,30000,placebo,symmetric,1000,1000,"[15,000, 45,000]",1000,4,2708,75,0.027,-0.373,0.475,False
CA,30000,placebo,asymmetric (below only),1000,0,"[15,000, 45,000]",1000,4,2708,75,0.03,-0.501,0.449,False
CA,30000,placebo,symmetric,2000,2000,"[15,000, 45,000]",1000,4,2708,149,-0.111,-0.7,0.495,False
CA,30000,placebo,asymmetric (below only),2000,0,"[15,000, 45,000]",1000,4,2708,149,-0.036,-0.624,0.635,False
CA,30000,placebo,symmetric,3000,3000,"[15,000, 45,000]",1000,4,2708,234,-0.29,-0.892,0.575,False
CA,30000,placebo,asymmetric (below only),3000,0,"[15,000, 45,000]",1000,4,2708,234,-0.018,-0.701,0.951,False
CA,30000,placebo,symmetric,5000,5000,"[15,000, 45,000]",1000,4,2708,392,-1.631,-2.323,-1.051,True
CA,30000,placebo,asymmetric (below only),5000,0,"[15,000, 45,000]",1000,4,2708,392,-0.659,-1.499,0.277,False
CA,35000,placebo,symmetric,1000,1000,"[20,000, 50,000]",1000,4,2078,76,0.487,0.047,1.065,True
CA,35000,placebo,asymmetric (below only),1000,0,"[20,000, 50,000]",1000,4,2078,76,0.401,-0.061,0.949,False
CA,35000,placebo,symmetric,2000,2000,"[20,000, 50,000]",1000,4,2078,129,0.612,-0.143,1.437,False
CA,35000,placebo,asymmetric (below only),2000,0,"[20,000, 50,000]",1000,4,2078,129,0.304,-0.254,1.185,False
CA,35000,placebo,symmetric,3000,3000,"[20,000, 50,000]",1000,4,2078,177,0.423,-0.503,1.583,False
CA,35000,placebo,asymmetric (below only),3000,0,"[20,000, 50,000]",1000,4,2078,177,-0.017,-0.746,0.828,False
CA,35000,placebo,symmetric,5000,5000,"[20,000, 50,000]",1000,4,2078,296,0.92,-0.68,4.176,False
CA,35000,placebo,asymmetric (below only),5000,0,"[20,000, 50,000]",1000,4,2078,296,-0.497,-1.375,0.626,False
CA,40000,placebo,symmetric,1000,1000,"[25,000, 55,000]",1000,4,1542,61,0.262,-0.076,0.678,False
CA,40000,placebo,asymmetric (below only),1000,0,"[25,000, 55,000]",1000,4,1542,61,0.231,-0.103,0.655,False
CA,40000,placebo,symmetric,2000,2000,"[25,000, 55,000]",1000,4,1542,107,0.034,-0.409,0.579,False
CA,40000,placebo,asymmetric (below only),2000,0,"[25,000, 55,000]",1000,4,1542,107,0.09,-0.427,0.595,False
CA,40000,placebo,symmetric,3000,3000,"[25,000, 55,000]",1000,4,1542,155,-0.341,-0.828,0.283,False
CA,40000,placebo,asymmetric (below only),3000,0,"[25,000, 55,000]",1000,4,1542,155,-0.076,-0.736,0.496,False
CA,40000,placebo,symmetric,5000,5000,"[25,000, 55,000]",1000,4,1542,292,-0.018,-0.838,1.048,False
CA,40000,placebo,asymmetric (below only),5000,0,"[25,000, 55,000]",1000,4,1542,292,0.765,-0.059,1.758,False
WA,25000,REAL federal reporting / state verification,symmetric,1000,1000,"[12,000, 38,000]",1000,4,837,14,-0.399,-0.788,0.015,False
WA,25000,REAL federal reporting / state verification,asymmetric (below only),1000,0,"[12,000, 38,000]",1000,4,837,14,-0.387,-0.789,0.047,False
WA,25000,REAL federal reporting / state verification,symmetric,2000,2000,"[12,000, 38,000]",1000,4,837,42,-0.348,-0.944,0.386,False
WA,25000,REAL federal reporting / state verification,asymmetric (below only),2000,0,"[12,000, 38,000]",1000,4,837,42,-0.229,-0.856,0.442,False
WA,25000,REAL federal reporting / state verification,symmetric,3000,3000,"[12,000, 38,000]",1000,4,837,75,-0.073,-0.899,0.993,False
WA,25000,REAL federal reporting / state verification,asymmetric (below only),3000,0,"[12,000, 38,000]",1000,4,837,75,0.087,-0.785,1.072,False
WA,25000,REAL federal reporting / state verification,symmetric,5000,5000,"[12,000, 38,000]",1000,4,837,143,1.255,-0.738,6.077,False
WA,25000,REAL federal reporting / state verification,asymmetric (below only),5000,0,"[12,000, 38,000]",1000,4,837,143,0.224,-0.779,1.537,False
WA,20000,placebo,symmetric,1000,1000,"[12,000, 28,000]",1000,4,650,49,0.355,0.04,0.769,True
WA,20000,placebo,asymmetric (below only),1000,0,"[12,000, 28,000]",1000,4,650,49,0.321,0.041,0.673,True
WA,20000,placebo,symmetric,2000,2000,"[12,000, 28,000]",1000,4,650,87,0.273,-0.22,1.076,False
WA,20000,placebo,asymmetric (below only),2000,0,"[12,000, 28,000]",1000,4,650,87,0.11,-0.289,0.631,False
WA,20000,placebo,symmetric,3000,3000,"[12,000, 28,000]",1000,4,650,128,0.196,-0.552,1.284,False
WA,20000,placebo,asymmetric (below only),3000,0,"[12,000, 28,000]",1000,4,650,128,-0.295,-0.723,0.197,False
WA,20000,placebo,symmetric,5000,5000,"[12,000, 28,000]",1000,4,650,243,0.194,-1.377,3.021,False
WA,20000,placebo,asymmetric (below only),5000,0,"[12,000, 28,000]",1000,4,650,243,-0.861,-1.315,-0.388,True
WA,30000,placebo,symmetric,1000,1000,"[15,000, 45,000]",1000,4,735,18,0.007,-0.511,0.69,False
WA,30000,placebo,asymmetric (below only),1000,0,"[15,000, 45,000]",1000,4,735,18,0.019,-0.475,0.667,False
WA,30000,placebo,symmetric,2000,2000,"[15,000, 45,000]",1000,4,735,41,0.351,-0.481,1.416,False
WA,30000,placebo,asymmetric (below only),2000,0,"[15,000, 45,000]",1000,4,735,41,0.382,-0.441,1.458,False
WA,30000,placebo,symmetric,3000,3000,"[15,000, 45,000]",1000,4,735,60,0.233,-0.825,1.66,False
WA,30000,placebo,asymmetric (below only),3000,0,"[15,000, 45,000]",1000,4,735,60,0.443,-0.704,2.014,False
WA,30000,placebo,symmetric,5000,5000,"[15,000, 45,000]",1000,4,735,92,-1.339,-2.364,0.282,False
WA,30000,placebo,asymmetric (below only),5000,0,"[15,000, 45,000]",1000,4,735,92,-0.372,-1.586,1.168,False
WA,35000,placebo,symmetric,1000,1000,"[20,000, 50,000]",1000,4,556,20,0.144,-0.302,0.692,False
WA,35000,placebo,asymmetric (below only),1000,0,"[20,000, 50,000]",1000,4,556,20,0.092,-0.323,0.56,False
WA,35000,placebo,symmetric,2000,2000,"[20,000, 50,000]",1000,4,556,35,0.185,-0.467,1.059,False
WA,35000,placebo,asymmetric (below only),2000,0,"[20,000, 50,000]",1000,4,556,35,-0.124,-0.747,0.691,False
WA,35000,placebo,symmetric,3000,3000,"[20,000, 50,000]",1000,4,556,48,-0.184,-1.01,0.898,False
WA,35000,placebo,asymmetric (below only),3000,0,"[20,000, 50,000]",1000,4,556,48,-0.517,-1.3,0.448,False
WA,35000,placebo,symmetric,5000,5000,"[20,000, 50,000]",1000,4,556,80,-0.431,-1.788,2.09,False
WA,35000,placebo,asymmetric (below only),5000,0,"[20,000, 50,000]",1000,4,556,80,-0.973,-1.894,0.47,False
WA,40000,placebo,symmetric,1000,1000,"[25,000, 55,000]",1000,4,451,18,-0.005,-0.311,0.452,False
WA,40000,placebo,asymmetric (below only),1000,0,"[25,000, 55,000]",1000,4,451,18,0.063,-0.389,0.586,False
WA,40000,placebo,symmetric,2000,2000,"[25,000, 55,000]",1000,4,451,34,-0.242,-0.741,0.393,False
WA,40000,placebo,asymmetric (below only),2000,0,"[25,000, 55,000]",1000,4,451,34,-0.029,-0.611,0.844,False
WA,40000,placebo,symmetric,3000,3000,"[25,000, 55,000]",1000,4,451,49,-0.561,-1.208,0.298,False
WA,40000,placebo,asymmetric (below only),3000,0,"[25,000, 55,000]",1000,4,451,49,-0.245,-0.973,0.712,False
WA,40000,placebo,symmetric,5000,5000,"[25,000, 55,000]",1000,4,451,100,2.03,0.413,4.577,True
WA,40000,placebo,asymmetric (below only),5000,0,"[25,000, 55,000]",1000,4,451,100,1.584,0.162,3.349,True
CA+WA,25000,REAL federal reporting / state verification,symmetric,1000,1000,"[12,000, 38,000]",1000,4,3933,135,0.027,-0.204,0.307,False
CA+WA,25000,REAL federal reporting / state verification,asymmetric (below only),1000,0,"[12,000, 38,000]",1000,4,3933,135,0.066,-0.156,0.362,False
CA+WA,25000,REAL federal reporting / state verification,symmetric,2000,2000,"[12,000, 38,000]",1000,4,3933,303,0.275,-0.119,0.745,False
CA+WA,25000,REAL federal reporting / state verification,asymmetric (below only),2000,0,"[12,000, 38,000]",1000,4,3933,303,0.39,0.003,0.752,True
CA+WA,25000,REAL federal reporting / state verification,symmetric,3000,3000,"[12,000, 38,000]",1000,4,3933,491,0.95,0.483,1.534,True
CA+WA,25000,REAL federal reporting / state verification,asymmetric (below only),3000,0,"[12,000, 38,000]",1000,4,3933,491,0.948,0.494,1.479,True
CA+WA,25000,REAL federal reporting / state verification,symmetric,5000,5000,"[12,000, 38,000]",1000,4,3933,825,2.775,1.61,4.465,True
CA+WA,25000,REAL federal reporting / state verification,asymmetric (below only),5000,0,"[12,000, 38,000]",1000,4,3933,825,1.149,0.553,1.877,True
CA+WA,20000,placebo,symmetric,1000,1000,"[12,000, 28,000]",1000,4,3116,161,-0.193,-0.362,-0.007,True
CA+WA,20000,placebo,asymmetric (below only),1000,0,"[12,000, 28,000]",1000,4,3116,161,-0.182,-0.344,0.019,False
CA+WA,20000,placebo,symmetric,2000,2000,"[12,000, 28,000]",1000,4,3116,350,-0.503,-0.694,-0.299,True
CA+WA,20000,placebo,asymmetric (below only),2000,0,"[12,000, 28,000]",1000,4,3116,350,-0.344,-0.545,-0.131,True
CA+WA,20000,placebo,symmetric,3000,3000,"[12,000, 28,000]",1000,4,3116,586,-0.562,-0.848,-0.209,True
CA+WA,20000,placebo,asymmetric (below only),3000,0,"[12,000, 28,000]",1000,4,3116,586,-0.305,-0.635,0.059,False
CA+WA,20000,placebo,symmetric,5000,5000,"[12,000, 28,000]",1000,4,3116,1084,-1.28,-1.852,-0.472,True
CA+WA,20000,placebo,asymmetric (below only),5000,0,"[12,000, 28,000]",1000,4,3116,1084,-0.511,-0.991,0.007,False
CA+WA,30000,placebo,symmetric,1000,1000,"[15,000, 45,000]",1000,4,3443,93,0.023,-0.31,0.451,False
CA+WA,30000,placebo,asymmetric (below only),1000,0,"[15,000, 45,000]",1000,4,3443,93,0.028,-0.303,0.41,False
CA+WA,30000,placebo,symmetric,2000,2000,"[15,000, 45,000]",1000,4,3443,190,-0.028,-0.468,0.57,False
CA+WA,30000,placebo,asymmetric (below only),2000,0,"[15,000, 45,000]",1000,4,3443,190,0.042,-0.456,0.675,False
CA+WA,30000,placebo,symmetric,3000,3000,"[15,000, 45,000]",1000,4,3443,294,-0.198,-0.717,0.519,False
CA+WA,30000,placebo,asymmetric (below only),3000,0,"[15,000, 45,000]",1000,4,3443,294,0.066,-0.519,0.799,False
CA+WA,30000,placebo,symmetric,5000,5000,"[15,000, 45,000]",1000,4,3443,484,-1.579,-2.043,-1.032,True
CA+WA,30000,placebo,asymmetric (below only),5000,0,"[15,000, 45,000]",1000,4,3443,484,-0.607,-1.296,0.178,False
CA+WA,35000,placebo,symmetric,1000,1000,"[20,000, 50,000]",1000,4,2634,96,0.4,0.014,0.909,True
CA+WA,35000,placebo,asymmetric (below only),1000,0,"[20,000, 50,000]",1000,4,2634,96,0.323,-0.011,0.831,False
CA+WA,35000,placebo,symmetric,2000,2000,"[20,000, 50,000]",1000,4,2634,164,0.508,-0.046,1.227,False
CA+WA,35000,placebo,asymmetric (below only),2000,0,"[20,000, 50,000]",1000,4,2634,164,0.197,-0.338,0.798,False
CA+WA,35000,placebo,symmetric,3000,3000,"[20,000, 50,000]",1000,4,2634,225,0.272,-0.393,1.265,False
CA+WA,35000,placebo,asymmetric (below only),3000,0,"[20,000, 50,000]",1000,4,2634,225,-0.14,-0.766,0.605,False
CA+WA,35000,placebo,symmetric,5000,5000,"[20,000, 50,000]",1000,4,2634,376,0.569,-0.672,2.685,False
CA+WA,35000,placebo,asymmetric (below only),5000,0,"[20,000, 50,000]",1000,4,2634,376,-0.608,-1.425,0.261,False
CA+WA,40000,placebo,symmetric,1000,1000,"[25,000, 55,000]",1000,4,1993,79,0.189,-0.133,0.506,False
CA+WA,40000,placebo,asymmetric (below only),1000,0,"[25,000, 55,000]",1000,4,1993,79,0.188,-0.126,0.571,False
CA+WA,40000,placebo,symmetric,2000,2000,"[25,000, 55,000]",1000,4,1993,141,-0.04,-0.45,0.449,False
CA+WA,40000,placebo,asymmetric (below only),2000,0,"[25,000, 55,000]",1000,4,1993,141,0.06,-0.377,0.577,False
CA+WA,40000,placebo,symmetric,3000,3000,"[25,000, 55,000]",1000,4,1993,204,-0.397,-0.906,0.111,False
CA+WA,40000,placebo,asymmetric (below only),3000,0,"[25,000, 55,000]",1000,4,1993,204,-0.119,-0.654,0.486,False
CA+WA,40000,placebo,symmetric,5000,5000,"[25,000, 55,000]",1000,4,1993,392,0.382,-0.483,1.553,False
CA+WA,40000,placebo,asymmetric (below only),5000,0,"[25,000, 55,000]",1000,4,1993,392,0.954,0.146,1.812,True
