bin_w,fit_halfwidth,order,n_fit,excess,lo,hi,sig,sample,cutoff
500,10000,3,2769,0.68,0.117,1.391,True,CA+WA,25000
500,10000,4,2769,0.503,-0.106,1.243,False,CA+WA,25000
500,10000,5,2769,0.556,-0.138,1.339,False,CA+WA,25000
500,15000,3,4749,0.555,-0.051,1.206,False,CA+WA,25000
500,15000,4,4749,0.79,0.131,1.407,True,CA+WA,25000
500,15000,5,4749,0.806,0.13,1.448,True,CA+WA,25000
500,20000,3,5773,-0.474,-1.424,0.538,False,CA+WA,25000
500,20000,4,5773,0.627,-0.289,1.76,False,CA+WA,25000
500,20000,5,5773,0.751,-0.261,1.778,False,CA+WA,25000
1000,10000,3,2769,0.341,0.024,0.722,True,CA+WA,25000
1000,10000,4,2769,0.241,-0.109,0.649,False,CA+WA,25000
1000,10000,5,2769,0.268,-0.07,0.688,False,CA+WA,25000
1000,15000,3,4749,0.276,-0.018,0.709,False,CA+WA,25000
1000,15000,4,4749,0.405,0.1,0.846,True,CA+WA,25000
1000,15000,5,4749,0.411,0.121,0.848,True,CA+WA,25000
1000,20000,3,5773,-0.238,-0.814,0.551,False,CA+WA,25000
1000,20000,4,5773,0.322,-0.186,0.994,False,CA+WA,25000
1000,20000,5,5773,0.384,-0.135,1.0,False,CA+WA,25000
