sample,floor,n,growth_bins_used,interior_cells,excess,lo,hi,sig,note
"federal, threshold-bound",0.0,29881,11.0,9.0,-0.044,-0.114,0.029,False,
"federal, always-covered (placebo)",0.0,11736,11.0,9.0,0.018,-0.127,0.168,False,
"CA, all years",0.0,2133,3.0,1.0,0.038,-0.195,0.417,False,
"WA, all years",0.0,734,2.0,0.0,0.004,-0.542,0.925,False,
"always-covered, floor -0.85",-0.85,14255,17.0,17.0,-0.122,-0.197,-0.03,True,
"CA, floor -0.85",-0.85,4348,7.0,7.0,0.104,-0.035,0.275,False,
"WA, floor -0.85",-0.85,1356,2.0,2.0,-0.252,-0.441,0.309,False,
"CA 2011-2012, C&T not yet binding",-0.85,604,2.0,2.0,0.27,-0.332,1.005,False,
"CA 2013-2023, C&T binding",-0.85,3744,6.0,6.0,0.138,-0.005,0.365,False,
"WA 2012-2022, reporting only",-0.85,1246,2.0,2.0,-0.24,-0.407,0.441,False,
"WA 2023-2024, CCA binding",,110,,,,,,,too few usable cells
