g_bin,notch_r_bin,implied_level,interior,n_growth_bin,observed,counterfactual,excess,sample
-1.15,1.15,78955,True,69,6,3.4,0.746,"federal, threshold-bound"
-0.95,0.95,64643,True,106,8,6.0,0.342,"federal, threshold-bound"
-0.85,0.85,58491,True,149,11,9.7,0.133,"federal, threshold-bound"
-0.75,0.75,52925,True,165,9,11.1,-0.192,"federal, threshold-bound"
-0.65,0.65,47889,True,256,12,18.8,-0.361,"federal, threshold-bound"
-0.55,0.55,43331,True,350,31,25.9,0.198,"federal, threshold-bound"
-0.45,0.45,39208,True,487,37,36.1,0.026,"federal, threshold-bound"
-0.35,0.35,35477,True,798,63,60.1,0.049,"federal, threshold-bound"
-0.25,0.25,32101,True,1549,134,120.3,0.114,"federal, threshold-bound"
-0.15,0.15,29046,False,3251,284,258.0,0.101,"federal, threshold-bound"
-0.05,0.05,26282,False,8391,576,675.2,-0.147,"federal, threshold-bound"
-1.25,1.25,87259,True,49,7,3.2,1.161,"federal, always-covered (placebo)"
-0.95,0.95,64643,True,83,10,6.0,0.668,"federal, always-covered (placebo)"
-0.85,0.85,58491,True,101,9,7.1,0.264,"federal, always-covered (placebo)"
-0.75,0.75,52925,True,118,6,8.0,-0.249,"federal, always-covered (placebo)"
-0.65,0.65,47889,True,164,7,11.0,-0.361,"federal, always-covered (placebo)"
-0.55,0.55,43331,True,222,17,15.1,0.124,"federal, always-covered (placebo)"
-0.45,0.45,39208,True,320,21,20.8,0.008,"federal, always-covered (placebo)"
-0.35,0.35,35477,True,419,34,24.7,0.374,"federal, always-covered (placebo)"
-0.25,0.25,32101,True,694,42,41.2,0.019,"federal, always-covered (placebo)"
-0.15,0.15,29046,False,1135,53,52.6,0.007,"federal, always-covered (placebo)"
-0.05,0.05,26282,False,2379,122,132.2,-0.077,"federal, always-covered (placebo)"
-0.25,0.25,32101,True,102,6,8.2,-0.265,"CA, all years"
-0.15,0.15,29046,False,207,15,21.3,-0.296,"CA, all years"
-0.05,0.05,26282,False,629,55,43.7,0.258,"CA, all years"
-0.15,0.15,29046,False,68,5,3.1,0.612,"WA, all years"
-0.05,0.05,26282,False,233,12,13.8,-0.132,"WA, all years"
-1.25,1.3,91732,True,67,5,3.2,0.558,"always-covered, floor -0.85"
-0.95,0.9,61490,True,109,5,6.1,-0.177,"always-covered, floor -0.85"
-0.85,0.9,61490,True,121,6,6.9,-0.127,"always-covered, floor -0.85"
-0.75,0.8,55639,True,148,11,7.8,0.417,"always-covered, floor -0.85"
-0.65,0.7,50344,True,197,7,10.4,-0.33,"always-covered, floor -0.85"
-0.55,0.5,41218,True,298,16,15.0,0.066,"always-covered, floor -0.85"
-0.45,0.4,37296,True,421,18,20.6,-0.125,"always-covered, floor -0.85"
-0.35,0.3,33746,True,529,30,25.1,0.193,"always-covered, floor -0.85"
-0.25,0.3,33746,True,852,47,41.4,0.137,"always-covered, floor -0.85"
-0.15,0.1,27629,True,1373,57,58.5,-0.025,"always-covered, floor -0.85"
-0.05,0.1,27629,True,2945,120,137.1,-0.125,"always-covered, floor -0.85"
0.05,-0.1,22621,True,3572,72,127.0,-0.433,"always-covered, floor -0.85"
0.15,-0.2,20468,True,1390,47,47.4,-0.008,"always-covered, floor -0.85"
0.25,-0.3,18520,True,817,22,24.3,-0.093,"always-covered, floor -0.85"
0.35,-0.4,16758,True,612,15,19.7,-0.24,"always-covered, floor -0.85"
0.45,-0.4,16758,True,360,16,11.9,0.343,"always-covered, floor -0.85"
0.55,-0.6,13720,True,281,6,7.1,-0.158,"always-covered, floor -0.85"
-0.25,0.3,33746,True,215,12,8.0,0.504,"CA, floor -0.85"
-0.15,0.1,27629,True,428,12,21.6,-0.445,"CA, floor -0.85"
-0.05,0.1,27629,True,1253,49,60.6,-0.191,"CA, floor -0.85"
0.05,-0.1,22621,True,1253,90,63.9,0.408,"CA, floor -0.85"
0.15,-0.2,20468,True,420,31,22.0,0.409,"CA, floor -0.85"
0.25,-0.3,18520,True,169,11,8.4,0.316,"CA, floor -0.85"
0.35,-0.4,16758,True,106,5,5.7,-0.127,"CA, floor -0.85"
-0.05,0.1,27629,True,421,8,20.3,-0.606,"WA, floor -0.85"
0.05,-0.1,22621,True,437,22,19.8,0.11,"WA, floor -0.85"
-0.15,0.1,27629,True,57,5,3.2,0.586,"CA 2011-2012, C&T not yet binding"
0.05,-0.1,22621,True,179,10,8.7,0.155,"CA 2011-2012, C&T not yet binding"
-0.25,0.3,33746,True,195,12,7.2,0.66,"CA 2013-2023, C&T binding"
-0.15,0.1,27629,True,371,7,18.6,-0.623,"CA 2013-2023, C&T binding"
-0.05,0.1,27629,True,1077,45,51.6,-0.128,"CA 2013-2023, C&T binding"
0.05,-0.1,22621,True,1074,80,55.2,0.448,"CA 2013-2023, C&T binding"
0.15,-0.2,20468,True,356,28,19.0,0.476,"CA 2013-2023, C&T binding"
0.25,-0.3,18520,True,147,9,7.5,0.194,"CA 2013-2023, C&T binding"
-0.05,0.1,27629,True,387,7,18.8,-0.627,"WA 2012-2022, reporting only"
0.05,-0.1,22621,True,399,21,18.1,0.161,"WA 2012-2022, reporting only"
