sample,cutoff,kind,excl_shape,excl_width,fit_range,n_fit,n_excl_below,excess,lo,hi,sig
CA,25000,REAL,symmetric,1000,"[15,000, 35,000]",2211,121,0.026,-0.265,0.313,False
CA,25000,REAL,asymmetric (below only),1000,"[15,000, 35,000]",2211,121,0.098,-0.233,0.44,False
CA,25000,REAL,symmetric,2000,"[15,000, 35,000]",2211,261,0.163,-0.271,0.634,False
CA,25000,REAL,asymmetric (below only),2000,"[15,000, 35,000]",2211,261,0.394,-0.029,0.991,False
CA,25000,REAL,symmetric,3000,"[15,000, 35,000]",2211,416,0.817,0.142,1.765,True
CA,25000,REAL,asymmetric (below only),3000,"[15,000, 35,000]",2211,416,1.0,0.386,1.833,True
CA,25000,REAL,symmetric,4000,"[15,000, 35,000]",2211,541,0.888,-0.229,2.675,False
CA,25000,REAL,asymmetric (below only),4000,"[15,000, 35,000]",2211,541,1.039,0.355,2.029,True
CA,25000,REAL,symmetric,5000,"[15,000, 35,000]",2211,682,4.63,1.124,21.443,True
CA,25000,REAL,asymmetric (below only),5000,"[15,000, 35,000]",2211,682,1.297,0.421,2.298,True
CA,25000,REAL,symmetric,6000,"[15,000, 35,000]",2211,794,3.603,0.233,18.713,True
CA,25000,REAL,asymmetric (below only),6000,"[15,000, 35,000]",2211,794,0.281,-0.39,1.114,False
CA,25000,REAL,asymmetric (below only),7000,"[15,000, 35,000]",2211,945,-0.496,-1.112,0.455,False
CA,25000,REAL,asymmetric (below only),8000,"[15,000, 35,000]",2211,1140,0.185,-0.959,1.823,False
CA,22000,placebo,symmetric,1000,"[12,000, 32,000]",2734,125,-0.027,-0.311,0.258,False
CA,22000,placebo,asymmetric (below only),1000,"[12,000, 32,000]",2734,125,-0.079,-0.414,0.154,False
CA,22000,placebo,symmetric,2000,"[12,000, 32,000]",2734,266,0.204,-0.209,0.69,False
CA,22000,placebo,asymmetric (below only),2000,"[12,000, 32,000]",2734,266,-0.113,-0.485,0.269,False
CA,22000,placebo,symmetric,3000,"[12,000, 32,000]",2734,378,-0.065,-0.456,0.494,False
CA,22000,placebo,asymmetric (below only),3000,"[12,000, 32,000]",2734,378,-0.593,-0.949,-0.227,True
CA,22000,placebo,symmetric,4000,"[12,000, 32,000]",2734,529,-0.693,-1.119,-0.165,True
CA,22000,placebo,asymmetric (below only),4000,"[12,000, 32,000]",2734,529,-0.857,-1.213,-0.444,True
CA,22000,placebo,symmetric,5000,"[12,000, 32,000]",2734,724,-0.358,-1.011,0.758,False
CA,22000,placebo,asymmetric (below only),5000,"[12,000, 32,000]",2734,724,-0.747,-1.161,-0.238,True
CA,22000,placebo,symmetric,6000,"[12,000, 32,000]",2734,920,1.473,-0.658,6.955,False
CA,22000,placebo,asymmetric (below only),6000,"[12,000, 32,000]",2734,920,-0.696,-1.217,-0.009,True
CA,22000,placebo,asymmetric (below only),7000,"[12,000, 32,000]",2734,1107,-1.214,-1.738,-0.397,True
CA,22000,placebo,asymmetric (below only),8000,"[12,000, 32,000]",2734,1341,-0.54,-1.677,1.291,False
CA,28000,placebo,symmetric,1000,"[18,000, 38,000]",1818,85,0.089,-0.318,0.436,False
CA,28000,placebo,asymmetric (below only),1000,"[18,000, 38,000]",1818,85,0.079,-0.313,0.427,False
CA,28000,placebo,symmetric,2000,"[18,000, 38,000]",1818,171,0.15,-0.447,0.884,False
CA,28000,placebo,asymmetric (below only),2000,"[18,000, 38,000]",1818,171,0.032,-0.503,0.686,False
CA,28000,placebo,symmetric,3000,"[18,000, 38,000]",1818,243,-0.494,-1.037,0.301,False
CA,28000,placebo,asymmetric (below only),3000,"[18,000, 38,000]",1818,243,-0.493,-0.958,0.002,False
CA,28000,placebo,symmetric,4000,"[18,000, 38,000]",1818,364,-0.686,-1.431,0.644,False
CA,28000,placebo,asymmetric (below only),4000,"[18,000, 38,000]",1818,364,-0.407,-0.956,0.269,False
CA,28000,placebo,symmetric,5000,"[18,000, 38,000]",1818,504,-1.107,-2.041,0.982,False
CA,28000,placebo,asymmetric (below only),5000,"[18,000, 38,000]",1818,504,-0.049,-0.808,1.001,False
CA,28000,placebo,symmetric,6000,"[18,000, 38,000]",1818,659,-1.113,-2.364,1.757,False
CA,28000,placebo,asymmetric (below only),6000,"[18,000, 38,000]",1818,659,0.982,0.101,2.273,True
CA,28000,placebo,asymmetric (below only),7000,"[18,000, 38,000]",1818,784,1.033,-0.125,3.228,False
CA,28000,placebo,asymmetric (below only),8000,"[18,000, 38,000]",1818,925,4.065,1.111,8.555,True
CA,30000,placebo,symmetric,1000,"[20,000, 40,000]",1662,75,0.222,-0.271,0.757,False
CA,30000,placebo,asymmetric (below only),1000,"[20,000, 40,000]",1662,75,0.181,-0.211,0.604,False
CA,30000,placebo,symmetric,2000,"[20,000, 40,000]",1662,149,0.339,-0.334,1.314,False
CA,30000,placebo,asymmetric (below only),2000,"[20,000, 40,000]",1662,149,0.251,-0.352,0.946,False
CA,30000,placebo,symmetric,3000,"[20,000, 40,000]",1662,234,0.534,-0.478,2.258,False
CA,30000,placebo,asymmetric (below only),3000,"[20,000, 40,000]",1662,234,0.403,-0.34,1.499,False
CA,30000,placebo,symmetric,4000,"[20,000, 40,000]",1662,320,0.218,-1.104,3.022,False
CA,30000,placebo,asymmetric (below only),4000,"[20,000, 40,000]",1662,320,0.299,-0.544,1.369,False
CA,30000,placebo,symmetric,5000,"[20,000, 40,000]",1662,392,-1.875,-2.544,-0.939,True
CA,30000,placebo,asymmetric (below only),5000,"[20,000, 40,000]",1662,392,-0.675,-1.217,0.079,False
CA,30000,placebo,symmetric,6000,"[20,000, 40,000]",1662,513,-3.087,-3.596,-2.394,True
CA,30000,placebo,asymmetric (below only),6000,"[20,000, 40,000]",1662,513,-0.81,-1.539,0.082,False
CA,30000,placebo,asymmetric (below only),7000,"[20,000, 40,000]",1662,653,-0.646,-1.637,0.668,False
CA,30000,placebo,asymmetric (below only),8000,"[20,000, 40,000]",1662,808,2.401,0.026,6.608,True
CA,35000,placebo,symmetric,1000,"[25,000, 45,000]",1185,76,0.433,0.105,0.809,True
CA,35000,placebo,asymmetric (below only),1000,"[25,000, 45,000]",1185,76,0.321,0.022,0.728,True
CA,35000,placebo,symmetric,2000,"[25,000, 45,000]",1185,129,0.592,0.097,1.384,True
CA,35000,placebo,asymmetric (below only),2000,"[25,000, 45,000]",1185,129,0.148,-0.332,0.694,False
CA,35000,placebo,symmetric,3000,"[25,000, 45,000]",1185,177,0.213,-0.451,1.123,False
CA,35000,placebo,asymmetric (below only),3000,"[25,000, 45,000]",1185,177,-0.283,-0.786,0.242,False
CA,35000,placebo,symmetric,4000,"[25,000, 45,000]",1185,229,-0.815,-1.345,0.091,False
CA,35000,placebo,asymmetric (below only),4000,"[25,000, 45,000]",1185,229,-0.782,-1.265,-0.268,True
CA,35000,placebo,symmetric,5000,"[25,000, 45,000]",1185,296,-0.943,-1.932,0.576,False
CA,35000,placebo,asymmetric (below only),5000,"[25,000, 45,000]",1185,296,-1.052,-1.571,-0.514,True
CA,35000,placebo,symmetric,6000,"[25,000, 45,000]",1185,371,7.068,3.955,14.115,True
CA,35000,placebo,asymmetric (below only),6000,"[25,000, 45,000]",1185,371,-1.235,-1.864,-0.465,True
CA,35000,placebo,asymmetric (below only),7000,"[25,000, 45,000]",1185,445,-1.786,-2.434,-0.981,True
CA,35000,placebo,asymmetric (below only),8000,"[25,000, 45,000]",1185,530,-2.205,-3.092,-0.928,True
CA,40000,placebo,symmetric,1000,"[30,000, 50,000]",1004,61,0.341,-0.031,0.917,False
CA,40000,placebo,asymmetric (below only),1000,"[30,000, 50,000]",1004,61,0.267,-0.075,0.678,False
CA,40000,placebo,symmetric,2000,"[30,000, 50,000]",1004,107,0.063,-0.377,0.654,False
CA,40000,placebo,asymmetric (below only),2000,"[30,000, 50,000]",1004,107,0.109,-0.425,0.752,False
CA,40000,placebo,symmetric,3000,"[30,000, 50,000]",1004,155,-0.609,-1.007,-0.058,True
CA,40000,placebo,asymmetric (below only),3000,"[30,000, 50,000]",1004,155,-0.134,-0.692,0.68,False
CA,40000,placebo,symmetric,4000,"[30,000, 50,000]",1004,219,-1.19,-1.733,-0.529,True
CA,40000,placebo,asymmetric (below only),4000,"[30,000, 50,000]",1004,219,0.047,-0.783,0.98,False
CA,40000,placebo,symmetric,5000,"[30,000, 50,000]",1004,292,-1.999,-2.383,-1.508,True
CA,40000,placebo,asymmetric (below only),5000,"[30,000, 50,000]",1004,292,0.741,-0.3,1.974,False
CA,40000,placebo,symmetric,6000,"[30,000, 50,000]",1004,368,-1.427,-1.725,-1.13,True
CA,40000,placebo,asymmetric (below only),6000,"[30,000, 50,000]",1004,368,2.646,1.256,4.514,True
CA,40000,placebo,asymmetric (below only),7000,"[30,000, 50,000]",1004,421,3.667,1.274,6.695,True
CA,40000,placebo,asymmetric (below only),8000,"[30,000, 50,000]",1004,469,3.285,-0.236,10.516,False
WA,25000,REAL,symmetric,1000,"[15,000, 35,000]",558,14,-0.474,-0.796,-0.044,True
WA,25000,REAL,asymmetric (below only),1000,"[15,000, 35,000]",558,14,-0.446,-0.739,-0.064,True
WA,25000,REAL,symmetric,2000,"[15,000, 35,000]",558,42,-0.657,-0.953,-0.263,True
WA,25000,REAL,asymmetric (below only),2000,"[15,000, 35,000]",558,42,-0.396,-0.831,0.191,False
WA,25000,REAL,symmetric,3000,"[15,000, 35,000]",558,75,-0.86,-1.296,-0.425,True
WA,25000,REAL,asymmetric (below only),3000,"[15,000, 35,000]",558,75,-0.153,-0.744,0.508,False
WA,25000,REAL,symmetric,4000,"[15,000, 35,000]",558,108,-1.255,-1.8,-0.579,True
WA,25000,REAL,asymmetric (below only),4000,"[15,000, 35,000]",558,108,0.001,-0.714,1.075,False
WA,25000,REAL,symmetric,5000,"[15,000, 35,000]",558,143,-2.395,-2.789,-1.914,True
WA,25000,REAL,asymmetric (below only),5000,"[15,000, 35,000]",558,143,0.14,-0.878,1.418,False
WA,25000,REAL,symmetric,6000,"[15,000, 35,000]",558,192,-1.867,-2.221,-1.478,True
WA,25000,REAL,asymmetric (below only),6000,"[15,000, 35,000]",558,192,2.308,1.099,3.723,True
WA,25000,REAL,asymmetric (below only),7000,"[15,000, 35,000]",558,230,3.731,1.934,5.789,True
WA,25000,REAL,asymmetric (below only),8000,"[15,000, 35,000]",558,271,7.089,3.368,12.968,True
WA,22000,placebo,symmetric,1000,"[12,000, 32,000]",723,33,0.169,-0.163,0.621,False
WA,22000,placebo,asymmetric (below only),1000,"[12,000, 32,000]",723,33,0.101,-0.221,0.473,False
WA,22000,placebo,symmetric,2000,"[12,000, 32,000]",723,68,0.514,-0.134,1.441,False
WA,22000,placebo,asymmetric (below only),2000,"[12,000, 32,000]",723,68,0.128,-0.448,0.83,False
WA,22000,placebo,symmetric,3000,"[12,000, 32,000]",723,117,2.287,1.041,4.089,True
WA,22000,placebo,asymmetric (below only),3000,"[12,000, 32,000]",723,117,0.708,0.086,1.618,True
WA,22000,placebo,symmetric,4000,"[12,000, 32,000]",723,155,4.293,1.938,8.997,True
WA,22000,placebo,asymmetric (below only),4000,"[12,000, 32,000]",723,155,0.386,-0.406,1.282,False
WA,22000,placebo,symmetric,5000,"[12,000, 32,000]",723,196,3.477,0.883,10.948,True
WA,22000,placebo,asymmetric (below only),5000,"[12,000, 32,000]",723,196,-0.227,-0.818,0.722,False
WA,22000,placebo,symmetric,6000,"[12,000, 32,000]",723,244,-0.823,-1.895,0.874,False
WA,22000,placebo,asymmetric (below only),6000,"[12,000, 32,000]",723,244,-1.039,-1.454,-0.4,True
WA,22000,placebo,asymmetric (below only),7000,"[12,000, 32,000]",723,311,-1.266,-1.737,-0.569,True
WA,22000,placebo,asymmetric (below only),8000,"[12,000, 32,000]",723,381,-2.235,-2.804,-1.493,True
WA,28000,placebo,symmetric,1000,"[18,000, 38,000]",468,19,0.463,-0.175,1.562,False
WA,28000,placebo,asymmetric (below only),1000,"[18,000, 38,000]",468,19,0.247,-0.28,1.014,False
WA,28000,placebo,symmetric,2000,"[18,000, 38,000]",468,33,0.747,-0.317,2.547,False
WA,28000,placebo,asymmetric (below only),2000,"[18,000, 38,000]",468,33,-0.028,-0.733,0.982,False
WA,28000,placebo,symmetric,3000,"[18,000, 38,000]",468,51,2.372,0.192,8.01,True
WA,28000,placebo,asymmetric (below only),3000,"[18,000, 38,000]",468,51,-0.209,-1.028,1.072,False
WA,28000,placebo,symmetric,4000,"[18,000, 38,000]",468,65,1.675,-0.677,12.528,False
WA,28000,placebo,asymmetric (below only),4000,"[18,000, 38,000]",468,65,-1.091,-1.812,-0.234,True
WA,28000,placebo,symmetric,5000,"[18,000, 38,000]",468,93,8.639,0.172,112017424180.948,True
WA,28000,placebo,asymmetric (below only),5000,"[18,000, 38,000]",468,93,-1.161,-1.987,-0.146,True
WA,28000,placebo,symmetric,6000,"[18,000, 38,000]",468,126,199808436051.803,116.664,276788961440.341,True
WA,28000,placebo,asymmetric (below only),6000,"[18,000, 38,000]",468,126,-1.105,-2.153,0.142,False
WA,28000,placebo,asymmetric (below only),7000,"[18,000, 38,000]",468,159,-1.705,-2.726,-0.275,True
WA,28000,placebo,asymmetric (below only),8000,"[18,000, 38,000]",468,194,-3.803,-4.371,-3.21,True
WA,30000,placebo,symmetric,1000,"[20,000, 40,000]",415,18,0.167,-0.387,0.819,False
WA,30000,placebo,asymmetric (below only),1000,"[20,000, 40,000]",415,18,0.163,-0.329,0.771,False
WA,30000,placebo,symmetric,2000,"[20,000, 40,000]",415,41,1.275,0.216,3.125,True
WA,30000,placebo,asymmetric (below only),2000,"[20,000, 40,000]",415,41,0.986,0.083,2.128,True
WA,30000,placebo,symmetric,3000,"[20,000, 40,000]",415,60,2.562,0.84,10.314,True
WA,30000,placebo,asymmetric (below only),3000,"[20,000, 40,000]",415,60,1.668,0.509,3.651,True
WA,30000,placebo,symmetric,4000,"[20,000, 40,000]",415,74,1.545,-0.473,11.202,False
WA,30000,placebo,asymmetric (below only),4000,"[20,000, 40,000]",415,74,1.363,0.041,3.411,True
WA,30000,placebo,symmetric,5000,"[20,000, 40,000]",415,92,1.793,-1.455,116.106,False
WA,30000,placebo,asymmetric (below only),5000,"[20,000, 40,000]",415,92,1.285,-0.207,3.506,False
WA,30000,placebo,symmetric,6000,"[20,000, 40,000]",415,106,-3.481,-4.054,-2.421,True
WA,30000,placebo,asymmetric (below only),6000,"[20,000, 40,000]",415,106,-0.508,-1.504,0.828,False
WA,30000,placebo,asymmetric (below only),7000,"[20,000, 40,000]",415,134,-0.706,-2.07,0.975,False
WA,30000,placebo,asymmetric (below only),8000,"[20,000, 40,000]",415,167,-0.007,-2.084,4.433,False
WA,35000,placebo,symmetric,1000,"[25,000, 45,000]",349,20,0.141,-0.279,0.74,False
WA,35000,placebo,asymmetric (below only),1000,"[25,000, 45,000]",349,20,0.057,-0.295,0.587,False
WA,35000,placebo,symmetric,2000,"[25,000, 45,000]",349,35,0.377,-0.294,1.326,False
WA,35000,placebo,asymmetric (below only),2000,"[25,000, 45,000]",349,35,-0.239,-0.701,0.461,False
WA,35000,placebo,symmetric,3000,"[25,000, 45,000]",349,48,-0.037,-0.796,1.282,False
WA,35000,placebo,asymmetric (below only),3000,"[25,000, 45,000]",349,48,-0.771,-1.404,-0.144,True
WA,35000,placebo,symmetric,4000,"[25,000, 45,000]",349,64,-0.086,-1.192,2.344,False
WA,35000,placebo,asymmetric (below only),4000,"[25,000, 45,000]",349,64,-1.175,-1.742,-0.317,True
WA,35000,placebo,symmetric,5000,"[25,000, 45,000]",349,80,1.345,-1.216,12.168,False
WA,35000,placebo,asymmetric (below only),5000,"[25,000, 45,000]",349,80,-1.669,-2.253,-1.0,True
WA,35000,placebo,symmetric,6000,"[25,000, 45,000]",349,98,-2.851,-3.732,-1.123,True
WA,35000,placebo,asymmetric (below only),6000,"[25,000, 45,000]",349,98,-2.113,-2.761,-1.218,True
WA,35000,placebo,asymmetric (below only),7000,"[25,000, 45,000]",349,121,-1.816,-2.909,-0.421,True
WA,35000,placebo,asymmetric (below only),8000,"[25,000, 45,000]",349,140,-1.246,-3.078,3.369,False
WA,40000,placebo,symmetric,1000,"[30,000, 50,000]",321,18,-0.11,-0.423,0.295,False
WA,40000,placebo,asymmetric (below only),1000,"[30,000, 50,000]",321,18,-0.003,-0.467,0.585,False
WA,40000,placebo,symmetric,2000,"[30,000, 50,000]",321,34,-0.59,-1.047,-0.028,True
WA,40000,placebo,asymmetric (below only),2000,"[30,000, 50,000]",321,34,-0.213,-0.793,0.608,False
WA,40000,placebo,symmetric,3000,"[30,000, 50,000]",321,49,-1.355,-1.654,-0.999,True
WA,40000,placebo,asymmetric (below only),3000,"[30,000, 50,000]",321,49,-0.611,-1.402,0.407,False
WA,40000,placebo,symmetric,4000,"[30,000, 50,000]",321,76,-1.761,-1.969,-1.508,True
WA,40000,placebo,asymmetric (below only),4000,"[30,000, 50,000]",321,76,0.068,-0.975,1.45,False
WA,40000,placebo,symmetric,5000,"[30,000, 50,000]",321,100,-2.174,-2.57,-1.698,True
WA,40000,placebo,asymmetric (below only),5000,"[30,000, 50,000]",321,100,1.015,-0.42,2.973,False
WA,40000,placebo,symmetric,6000,"[30,000, 50,000]",321,120,-1.858,-2.763,-0.448,True
WA,40000,placebo,asymmetric (below only),6000,"[30,000, 50,000]",321,120,2.368,0.229,5.948,True
WA,40000,placebo,asymmetric (below only),7000,"[30,000, 50,000]",321,135,3.882,0.632,13.376,True
WA,40000,placebo,asymmetric (below only),8000,"[30,000, 50,000]",321,148,7.293,-0.276,143439798554.379,False
CA+WA,25000,REAL,symmetric,1000,"[15,000, 35,000]",2769,135,-0.066,-0.242,0.143,False
CA+WA,25000,REAL,asymmetric (below only),1000,"[15,000, 35,000]",2769,135,-0.003,-0.257,0.254,False
CA+WA,25000,REAL,symmetric,2000,"[15,000, 35,000]",2769,303,-0.006,-0.242,0.247,False
CA+WA,25000,REAL,asymmetric (below only),2000,"[15,000, 35,000]",2769,303,0.241,-0.121,0.653,False
CA+WA,25000,REAL,symmetric,3000,"[15,000, 35,000]",2769,491,0.409,-0.024,0.907,False
CA+WA,25000,REAL,asymmetric (below only),3000,"[15,000, 35,000]",2769,491,0.767,0.368,1.193,True
CA+WA,25000,REAL,symmetric,4000,"[15,000, 35,000]",2769,649,0.326,-0.3,1.317,False
CA+WA,25000,REAL,asymmetric (below only),4000,"[15,000, 35,000]",2769,649,0.83,0.322,1.369,True
CA+WA,25000,REAL,symmetric,5000,"[15,000, 35,000]",2769,825,1.563,0.109,3.862,True
CA+WA,25000,REAL,asymmetric (below only),5000,"[15,000, 35,000]",2769,825,1.06,0.454,1.746,True
CA+WA,25000,REAL,symmetric,6000,"[15,000, 35,000]",2769,986,1.635,-0.212,5.787,False
CA+WA,25000,REAL,asymmetric (below only),6000,"[15,000, 35,000]",2769,986,0.594,-0.022,1.308,False
CA+WA,25000,REAL,asymmetric (below only),7000,"[15,000, 35,000]",2769,1175,0.048,-0.599,0.839,False
CA+WA,25000,REAL,asymmetric (below only),8000,"[15,000, 35,000]",2769,1411,0.973,-0.04,2.552,False
CA+WA,22000,placebo,symmetric,1000,"[12,000, 32,000]",3457,158,0.008,-0.179,0.258,False
CA+WA,22000,placebo,asymmetric (below only),1000,"[12,000, 32,000]",3457,158,-0.047,-0.267,0.145,False
CA+WA,22000,placebo,symmetric,2000,"[12,000, 32,000]",3457,334,0.26,-0.006,0.541,False
CA+WA,22000,placebo,asymmetric (below only),2000,"[12,000, 32,000]",3457,334,-0.069,-0.396,0.26,False
CA+WA,22000,placebo,symmetric,3000,"[12,000, 32,000]",3457,495,0.28,-0.02,0.621,False
CA+WA,22000,placebo,asymmetric (below only),3000,"[12,000, 32,000]",3457,495,-0.375,-0.689,-0.005,True
CA+WA,22000,placebo,symmetric,4000,"[12,000, 32,000]",3457,684,-0.171,-0.558,0.245,False
CA+WA,22000,placebo,asymmetric (below only),4000,"[12,000, 32,000]",3457,684,-0.641,-0.934,-0.307,True
CA+WA,22000,placebo,symmetric,5000,"[12,000, 32,000]",3457,920,0.137,-0.533,0.869,False
CA+WA,22000,placebo,asymmetric (below only),5000,"[12,000, 32,000]",3457,920,-0.646,-1.039,-0.188,True
CA+WA,22000,placebo,symmetric,6000,"[12,000, 32,000]",3457,1164,0.837,-0.589,3.047,False
CA+WA,22000,placebo,asymmetric (below only),6000,"[12,000, 32,000]",3457,1164,-0.772,-1.147,-0.262,True
CA+WA,22000,placebo,asymmetric (below only),7000,"[12,000, 32,000]",3457,1418,-1.225,-1.727,-0.564,True
CA+WA,22000,placebo,asymmetric (below only),8000,"[12,000, 32,000]",3457,1722,-0.996,-1.863,0.421,False
CA+WA,28000,placebo,symmetric,1000,"[18,000, 38,000]",2286,104,0.142,-0.134,0.463,False
CA+WA,28000,placebo,asymmetric (below only),1000,"[18,000, 38,000]",2286,104,0.106,-0.216,0.479,False
CA+WA,28000,placebo,symmetric,2000,"[18,000, 38,000]",2286,204,0.228,-0.304,0.99,False
CA+WA,28000,placebo,asymmetric (below only),2000,"[18,000, 38,000]",2286,204,0.022,-0.46,0.497,False
CA+WA,28000,placebo,symmetric,3000,"[18,000, 38,000]",2286,294,-0.238,-0.833,0.512,False
CA+WA,28000,placebo,asymmetric (below only),3000,"[18,000, 38,000]",2286,294,-0.448,-0.923,0.112,False
CA+WA,28000,placebo,symmetric,4000,"[18,000, 38,000]",2286,429,-0.463,-1.225,0.936,False
CA+WA,28000,placebo,asymmetric (below only),4000,"[18,000, 38,000]",2286,429,-0.53,-1.116,0.075,False
CA+WA,28000,placebo,symmetric,5000,"[18,000, 38,000]",2286,597,-0.619,-1.874,1.592,False
CA+WA,28000,placebo,asymmetric (below only),5000,"[18,000, 38,000]",2286,597,-0.263,-0.83,0.488,False
CA+WA,28000,placebo,symmetric,6000,"[18,000, 38,000]",2286,785,0.405,-1.138,2.722,False
CA+WA,28000,placebo,asymmetric (below only),6000,"[18,000, 38,000]",2286,785,0.535,-0.158,1.416,False
CA+WA,28000,placebo,asymmetric (below only),7000,"[18,000, 38,000]",2286,943,0.389,-0.425,1.833,False
CA+WA,28000,placebo,asymmetric (below only),8000,"[18,000, 38,000]",2286,1119,1.106,-0.645,3.742,False
CA+WA,30000,placebo,symmetric,1000,"[20,000, 40,000]",2077,93,0.211,-0.229,0.615,False
CA+WA,30000,placebo,asymmetric (below only),1000,"[20,000, 40,000]",2077,93,0.177,-0.226,0.567,False
CA+WA,30000,placebo,symmetric,2000,"[20,000, 40,000]",2077,190,0.493,-0.148,1.625,False
CA+WA,30000,placebo,asymmetric (below only),2000,"[20,000, 40,000]",2077,190,0.378,-0.186,1.139,False
CA+WA,30000,placebo,symmetric,3000,"[20,000, 40,000]",2077,294,0.819,-0.081,2.741,False
CA+WA,30000,placebo,asymmetric (below only),3000,"[20,000, 40,000]",2077,294,0.602,-0.174,1.724,False
CA+WA,30000,placebo,symmetric,4000,"[20,000, 40,000]",2077,394,0.417,-0.856,3.247,False
CA+WA,30000,placebo,asymmetric (below only),4000,"[20,000, 40,000]",2077,394,0.465,-0.384,1.532,False
CA+WA,30000,placebo,symmetric,5000,"[20,000, 40,000]",2077,484,-1.518,-2.385,0.15,False
CA+WA,30000,placebo,asymmetric (below only),5000,"[20,000, 40,000]",2077,484,-0.403,-1.071,0.522,False
CA+WA,30000,placebo,symmetric,6000,"[20,000, 40,000]",2077,619,-3.163,-3.623,-2.286,True
CA+WA,30000,placebo,asymmetric (below only),6000,"[20,000, 40,000]",2077,619,-0.761,-1.54,0.153,False
CA+WA,30000,placebo,asymmetric (below only),7000,"[20,000, 40,000]",2077,787,-0.656,-1.663,0.543,False
CA+WA,30000,placebo,asymmetric (below only),8000,"[20,000, 40,000]",2077,975,1.891,-0.275,5.354,False
CA+WA,35000,placebo,symmetric,1000,"[25,000, 45,000]",1534,96,0.36,0.082,0.718,True
CA+WA,35000,placebo,asymmetric (below only),1000,"[25,000, 45,000]",1534,96,0.255,-0.021,0.634,False
CA+WA,35000,placebo,symmetric,2000,"[25,000, 45,000]",1534,164,0.543,0.097,1.093,True
CA+WA,35000,placebo,asymmetric (below only),2000,"[25,000, 45,000]",1534,164,0.052,-0.379,0.584,False
CA+WA,35000,placebo,symmetric,3000,"[25,000, 45,000]",1534,225,0.156,-0.41,0.905,False
CA+WA,35000,placebo,asymmetric (below only),3000,"[25,000, 45,000]",1534,225,-0.404,-0.827,0.088,False
CA+WA,35000,placebo,symmetric,4000,"[25,000, 45,000]",1534,293,-0.68,-1.234,0.072,False
CA+WA,35000,placebo,asymmetric (below only),4000,"[25,000, 45,000]",1534,293,-0.877,-1.274,-0.397,True
CA+WA,35000,placebo,symmetric,5000,"[25,000, 45,000]",1534,376,-0.606,-1.233,0.301,False
CA+WA,35000,placebo,asymmetric (below only),5000,"[25,000, 45,000]",1534,376,-1.202,-1.595,-0.705,True
CA+WA,35000,placebo,symmetric,6000,"[25,000, 45,000]",1534,469,1.88,1.186,2.661,True
CA+WA,35000,placebo,asymmetric (below only),6000,"[25,000, 45,000]",1534,469,-1.45,-1.959,-1.006,True
CA+WA,35000,placebo,asymmetric (below only),7000,"[25,000, 45,000]",1534,566,-1.793,-2.34,-1.157,True
CA+WA,35000,placebo,asymmetric (below only),8000,"[25,000, 45,000]",1534,670,-2.028,-2.869,-0.908,True
CA+WA,40000,placebo,symmetric,1000,"[30,000, 50,000]",1325,79,0.202,-0.113,0.574,False
CA+WA,40000,placebo,asymmetric (below only),1000,"[30,000, 50,000]",1325,79,0.193,-0.112,0.55,False
CA+WA,40000,placebo,symmetric,2000,"[30,000, 50,000]",1325,141,-0.144,-0.528,0.355,False
CA+WA,40000,placebo,asymmetric (below only),2000,"[30,000, 50,000]",1325,141,0.021,-0.371,0.566,False
CA+WA,40000,placebo,symmetric,3000,"[30,000, 50,000]",1325,204,-0.844,-1.226,-0.453,True
CA+WA,40000,placebo,asymmetric (below only),3000,"[30,000, 50,000]",1325,204,-0.265,-0.81,0.316,False
CA+WA,40000,placebo,symmetric,4000,"[30,000, 50,000]",1325,295,-1.363,-1.711,-0.954,True
CA+WA,40000,placebo,asymmetric (below only),4000,"[30,000, 50,000]",1325,295,0.052,-0.661,0.926,False
CA+WA,40000,placebo,symmetric,5000,"[30,000, 50,000]",1325,392,-2.046,-2.362,-1.742,True
CA+WA,40000,placebo,asymmetric (below only),5000,"[30,000, 50,000]",1325,392,0.809,-0.157,2.082,False
CA+WA,40000,placebo,symmetric,6000,"[30,000, 50,000]",1325,488,-1.541,-1.824,-1.255,True
CA+WA,40000,placebo,asymmetric (below only),6000,"[30,000, 50,000]",1325,488,2.576,1.577,3.791,True
CA+WA,40000,placebo,asymmetric (below only),7000,"[30,000, 50,000]",1325,556,3.718,2.091,5.694,True
CA+WA,40000,placebo,asymmetric (below only),8000,"[30,000, 50,000]",1325,617,4.042,1.287,8.707,True
