sample,cutoff,excl_shape,n_widths,max_width,n_sig,first_sig,dies_at,status
CA,25000,asymmetric (below only),10,10000,7,2000.0,7000.0,dies
CA,28000,asymmetric (below only),10,10000,3,6000.0,9000.0,dies
CA,30000,asymmetric (below only),10,10000,3,8000.0,,still significant at the ceiling
CA,35000,asymmetric (below only),10,10000,1,10000.0,,still significant at the ceiling
CA,40000,asymmetric (below only),10,10000,4,5000.0,9000.0,dies
CA+WA,25000,asymmetric (below only),10,10000,5,2000.0,7000.0,dies
CA+WA,28000,asymmetric (below only),10,10000,3,6000.0,9000.0,dies
CA+WA,30000,asymmetric (below only),10,10000,3,8000.0,,still significant at the ceiling
CA+WA,35000,asymmetric (below only),10,10000,1,10000.0,,still significant at the ceiling
CA+WA,40000,asymmetric (below only),10,10000,4,5000.0,9000.0,dies
WA,25000,asymmetric (below only),10,10000,3,8000.0,,still significant at the ceiling
WA,28000,asymmetric (below only),10,10000,1,4000.0,5000.0,dies
WA,30000,asymmetric (below only),10,10000,2,6000.0,8000.0,dies
WA,35000,asymmetric (below only),10,10000,0,,,never significant
WA,40000,asymmetric (below only),10,10000,2,5000.0,7000.0,dies
federal always-covered,25000,asymmetric (below only),10,10000,1,2000.0,3000.0,dies
federal always-covered (unconstrained),25000,asymmetric (below only),20,20000,11,2000.0,3000.0,dies
CA,25000,symmetric,10,10000,4,2000.0,6000.0,dies
CA,28000,symmetric,10,10000,2,3000.0,4000.0,dies
CA,30000,symmetric,10,10000,5,5000.0,7000.0,dies
CA,35000,symmetric,10,10000,1,10000.0,,still significant at the ceiling
CA,40000,symmetric,10,10000,4,6000.0,9000.0,dies
CA+WA,25000,symmetric,10,10000,6,2000.0,6000.0,dies
CA+WA,28000,symmetric,10,10000,2,3000.0,5000.0,dies
CA+WA,30000,symmetric,10,10000,3,5000.0,7000.0,dies
CA+WA,35000,symmetric,10,10000,1,10000.0,,still significant at the ceiling
CA+WA,40000,symmetric,10,10000,3,6000.0,9000.0,dies
WA,25000,symmetric,10,10000,4,1000.0,2000.0,dies
WA,28000,symmetric,10,10000,4,4000.0,6000.0,dies
WA,30000,symmetric,10,10000,5,6000.0,,still significant at the ceiling
WA,35000,symmetric,10,10000,2,8000.0,9000.0,dies
WA,40000,symmetric,10,10000,3,6000.0,7000.0,dies
federal always-covered,25000,symmetric,10,10000,1,2000.0,3000.0,dies
federal always-covered (unconstrained),25000,symmetric,20,20000,7,2000.0,3000.0,dies
