group,label,rate,note,mature,pct
perceived (this paper),"p-hat, F = $30,510 (ECHO median fine)",0.2508835533952933,"c/F with c = $7,654 (full ICR cost)",True,25.0884
perceived (this paper),"p-hat, F = $84,546 (ICIS minimum case)",0.09053600660102663,"c/F with c = $7,654 (full ICR cost)",True,9.0536
perceived (this paper),"p-hat, F = $382,473 (ICIS maximum case)",0.020013065534274045,"c/F with c = $7,654 (full ICR cost)",True,2.0013
perceived (this paper),"p-hat, F = $1,000,000 (statutory upper limit)",0.007654457214090397,"c/F with c = $7,654 (full ICR cost)",True,0.7654
actual (IRS audit),"corporations, assets $20B+, TY2011",0.845,Table 3-1 cell BY37 = 84.4512195121951,True,84.5
actual (IRS audit),"corporations, assets $20B+, TY2018",0.625,Table 3-1 cell AI37 = 62.5  (the 57.2% quoted on 3 Sept was a stale secondary source),True,62.5
actual (IRS audit),"corporations, assets $5B-20B, TY2011",0.604,Table 3-1 cell BY36 = 60.4379562043796,True,60.4
actual (IRS audit),"corporations, assets $5B-20B, TY2018",0.342,Table 3-1 cell AI36 = 34.2,True,34.2
actual (IRS audit),"corporations, assets $1B-5B, TY2018",0.167,"Table 3-1 row 35, col AI",True,16.7
actual (IRS audit),"corporations, assets $500M-1B, TY2018",0.079,"Table 3-1 row 34, col AI",True,7.9
actual (IRS audit),"corporations, assets $250M-500M, TY2018",0.053,"Table 3-1 row 33, col AI",True,5.3
actual (IRS audit),"all corporations, TY2011",0.014,Table 3-1 cell BY23 = 1.42603192790225,True,1.4
actual (IRS audit),"all corporations, TY2012",0.013,Table 3-1 cell BS23 = 1.30750436171836,True,1.3
actual (IRS audit),"all corporations, TY2018",0.006,"Table 3-1 row 23, col AI",True,0.6
actual (IRS audit),"all individuals, TY2018",0.004,Table 3-1 cell AI8 = 0.4  (the 0.3% quoted on 3 Sept was a stale secondary source),True,0.4
actual (IRS audit),"corporations, assets $20B+, TY2023",0.219,"Table 3-1 row 37, col E - IMMATURE, still inside the 3-year statute",False,21.9
actual (GHGRP enforcement),"GHGRP, failure to report",3.2e-05,zero inspections; one stationary-source case at $0 in 14 years,True,0.0032
