sample,beta,n_moved,mean_excess,power,baseline_excess,se,n_fit,n_donor_above,mde_excess_at_80pct,power_vs_zero,mde_increment_at_80pct,mde_level_at_80pct
federal always-covered,0.0,0,0.066,0.0,0.066,0.142,7939,1935,,0.0,0.33,0.396
federal always-covered,0.01,19,0.18,0.0,0.066,0.142,7939,1935,,0.0,0.33,0.396
federal always-covered,0.02,39,0.299,0.095,0.066,0.142,7939,1935,,0.7,0.33,0.396
federal always-covered,0.03,57,0.408,0.885,0.066,0.142,7939,1935,,0.995,0.33,0.396
federal always-covered,0.04,77,0.533,1.0,0.066,0.142,7939,1935,,1.0,0.33,0.396
federal always-covered,0.05,97,0.653,1.0,0.066,0.142,7939,1935,,1.0,0.33,0.396
federal always-covered,0.07,134,0.891,1.0,0.066,0.142,7939,1935,,1.0,0.33,0.396
federal always-covered,0.1,194,1.283,1.0,0.066,0.142,7939,1935,,1.0,0.33,0.396
federal always-covered,0.14,272,1.817,1.0,0.066,0.142,7939,1935,,1.0,0.33,0.396
federal always-covered,0.2,384,2.656,1.0,0.066,0.142,7939,1935,,1.0,0.33,0.396
federal always-covered,0.3,582,4.321,1.0,0.066,0.142,7939,1935,,1.0,0.33,0.396
CA + WA,0.0,0,0.863,0.0,0.863,0.268,4696,667,,1.0,0.669,1.532
CA + WA,0.01,6,0.932,0.0,0.863,0.268,4696,667,,1.0,0.669,1.532
CA + WA,0.02,13,1.01,0.0,0.863,0.268,4696,667,,1.0,0.669,1.532
CA + WA,0.03,19,1.08,0.0,0.863,0.268,4696,667,,1.0,0.669,1.532
CA + WA,0.04,26,1.156,0.0,0.863,0.268,4696,667,,1.0,0.669,1.532
CA + WA,0.05,34,1.24,0.015,0.863,0.268,4696,667,,1.0,0.669,1.532
CA + WA,0.07,46,1.379,0.45,0.863,0.268,4696,667,,1.0,0.669,1.532
CA + WA,0.1,67,1.617,0.995,0.863,0.268,4696,667,,1.0,0.669,1.532
CA + WA,0.14,93,1.93,1.0,0.863,0.268,4696,667,,1.0,0.669,1.532
CA + WA,0.2,133,2.429,1.0,0.863,0.268,4696,667,,1.0,0.669,1.532
CA + WA,0.3,200,3.335,1.0,0.863,0.268,4696,667,,1.0,0.669,1.532
CA only,0.0,0,1.219,0.0,1.219,0.349,3685,532,,1.0,0.765,1.984
CA only,0.01,5,1.293,0.0,1.219,0.349,3685,532,,1.0,0.765,1.984
CA only,0.02,10,1.371,0.0,1.219,0.349,3685,532,,1.0,0.765,1.984
CA only,0.03,15,1.448,0.0,1.219,0.349,3685,532,,1.0,0.765,1.984
CA only,0.04,21,1.528,0.0,1.219,0.349,3685,532,,1.0,0.765,1.984
CA only,0.05,26,1.607,0.0,1.219,0.349,3685,532,,1.0,0.765,1.984
CA only,0.07,36,1.757,0.045,1.219,0.349,3685,532,,1.0,0.765,1.984
CA only,0.1,52,1.995,0.835,1.219,0.349,3685,532,,1.0,0.765,1.984
CA only,0.14,75,2.355,1.0,1.219,0.349,3685,532,,1.0,0.765,1.984
CA only,0.2,106,2.879,1.0,1.219,0.349,3685,532,,1.0,0.765,1.984
CA only,0.3,159,3.824,1.0,1.219,0.349,3685,532,,1.0,0.765,1.984
WA 2012-2022 (disclosure only),0.0,0,-0.415,0.0,-0.415,0.464,868,117,,0.0,1.134,0.719
WA 2012-2022 (disclosure only),0.01,1,-0.356,0.0,-0.415,0.464,868,117,,0.0,1.134,0.719
WA 2012-2022 (disclosure only),0.02,2,-0.303,0.0,-0.415,0.464,868,117,,0.0,1.134,0.719
WA 2012-2022 (disclosure only),0.03,3,-0.223,0.0,-0.415,0.464,868,117,,0.0,1.134,0.719
WA 2012-2022 (disclosure only),0.04,4,-0.16,0.0,-0.415,0.464,868,117,,0.0,1.134,0.719
WA 2012-2022 (disclosure only),0.05,6,-0.101,0.0,-0.415,0.464,868,117,,0.0,1.134,0.719
WA 2012-2022 (disclosure only),0.07,8,0.013,0.005,-0.415,0.464,868,117,,0.0,1.134,0.719
WA 2012-2022 (disclosure only),0.1,11,0.189,0.055,-0.415,0.464,868,117,,0.0,1.134,0.719
WA 2012-2022 (disclosure only),0.14,17,0.51,0.5,-0.415,0.464,868,117,,0.045,1.134,0.719
WA 2012-2022 (disclosure only),0.2,22,0.841,0.975,-0.415,0.464,868,117,,0.39,1.134,0.719
WA 2012-2022 (disclosure only),0.3,35,1.6,1.0,-0.415,0.464,868,117,,0.995,1.134,0.719
