outcome,group,n,raw,adjusted,se,beta_log1p_insp,se_beta,t_beta,beta_ever_penalised,t_ever_penalised,n_clusters
98.2(i) exit rate,0 (never inspected),15484,0.0397,0.0247,0.0016,-0.00212,0.00099,-2.13,-4e-05,-0.03,4868
98.2(i) exit rate,1-2,8977,0.0261,0.025,0.0017,-0.00212,0.00099,-2.13,-4e-05,-0.03,4868
98.2(i) exit rate,3-6,15967,0.0145,0.0229,0.0009,-0.00212,0.00099,-2.13,-4e-05,-0.03,4868
98.2(i) exit rate,7+,6519,0.0069,0.0233,0.001,-0.00212,0.00099,-2.13,-4e-05,-0.03,4868
98.2(i) eligible,0 (never inspected),15484,0.0476,0.0367,0.0017,0.0024,0.00267,0.9,0.00699,2.01,4868
98.2(i) eligible,1-2,8977,0.0422,0.038,0.0021,0.0024,0.00267,0.9,0.00699,2.01,4868
98.2(i) eligible,3-6,15967,0.0299,0.0345,0.0013,0.0024,0.00267,0.9,0.00699,2.01,4868
98.2(i) eligible,7+,6519,0.0206,0.041,0.0018,0.0024,0.00267,0.9,0.00699,2.01,4868
share parked in 20-25k,0 (never inspected),15484,0.0643,0.0506,0.002,-0.0005,0.00342,-0.15,0.00257,0.57,4868
share parked in 20-25k,1-2,8977,0.0625,0.0608,0.0026,-0.0005,0.00342,-0.15,0.00257,0.57,4868
share parked in 20-25k,3-6,15967,0.041,0.0488,0.0016,-0.0005,0.00342,-0.15,0.00257,0.57,4868
share parked in 20-25k,7+,6519,0.0356,0.0511,0.0023,-0.0005,0.00342,-0.15,0.00257,0.57,4868
ends above the line | started 20-30k,0 (never inspected),2335,0.546,0.577,0.0103,0.02585,0.01425,1.81,-0.00626,-0.26,1753
ends above the line | started 20-30k,1-2,1285,0.5393,0.5422,0.0139,0.02585,0.01425,1.81,-0.00626,-0.26,1753
ends above the line | started 20-30k,3-6,1798,0.6335,0.6013,0.0114,0.02585,0.01425,1.81,-0.00626,-0.26,1753
ends above the line | started 20-30k,7+,623,0.6485,0.6194,0.0191,0.02585,0.01425,1.81,-0.00626,-0.26,1753
growth | started 20-30k,0 (never inspected),2335,-0.0653,-0.0484,0.0114,-0.00726,0.00318,-2.28,0.00698,1.28,1753
growth | started 20-30k,1-2,1285,-0.0711,-0.0441,0.0185,-0.00726,0.00318,-2.28,0.00698,1.28,1753
growth | started 20-30k,3-6,1798,-0.0312,-0.0539,0.0113,-0.00726,0.00318,-2.28,0.00698,1.28,1753
growth | started 20-30k,7+,623,-0.0052,-0.0586,0.0184,-0.00726,0.00318,-2.28,0.00698,1.28,1753
