FacilityId,first_year_emissions,second_year_emissions,ever_above_25k,years_below_25k,years_observed,crosses_in_year_2,never_above,subparts_first,cohort,has_supplier_subpart,has_W_subpart,with_biogenic,biogenic_crosses
1000803,4502.798,4679.588,False,2,2,False,True,"C,NN-FRAC",2015,True,False,4502.798,False
1000868,77.098,786.496,False,3,3,False,True,C,2011,False,False,77.098,False
1001105,1074.196,1559.744,False,3,3,False,True,C,2011,False,False,1074.196,False
1001640,21455.018,7994.52,True,11,12,False,False,"C,W-LNGSTG",2011,False,True,21455.018,False
1001691,3184.058,3571.33,False,4,4,False,True,C,2011,False,False,150241.95799999998,True
1001698,17491.932,2381.506,False,2,2,False,True,C,2011,False,False,415421.83200000005,True
1002174,24060.226,298275.448,True,6,13,True,False,"C,NN-FRAC,W-PROC",2011,True,True,24060.226,False
1002220,2.5,,False,1,1,False,True,"C,NN-LDC,W-LDC",2011,True,True,2.5,False
1002289,11235.008,11268.11,False,2,2,False,True,"C,W-PROC",2020,False,True,11235.008,False
1002312,16505.288,18201.032,False,4,4,False,True,C,2012,False,False,16505.288,False
1002909,11420.056,30773.584,True,3,13,True,False,C,2011,False,False,11420.056,False
1002982,1186.9,1148.2,False,4,4,False,True,"NN-FRAC,W-PROC",2011,True,True,1186.9,False
1003219,12055.91,5576.58,True,4,7,False,False,"C,W-PROC",2017,False,True,12055.91,False
1003542,24458.4,25450.9,True,1,13,True,False,C,2011,False,False,24458.4,False
1004054,931.248,,False,1,1,False,True,"C,NN-LDC,W-LDC",2011,True,True,931.248,False
1004292,24549.08,30214.336,True,1,13,True,False,C,2011,False,False,199347.08000000002,True
1004433,4079.96,,False,1,1,False,True,C,2012,False,False,4079.96,False
1004449,18573.0,23477.75,True,2,13,False,False,TT,2011,False,False,18573.0,False
1004454,2253.392,2417.64,False,6,6,False,True,"C,MM-EXP",2018,True,False,2253.392,False
1004481,2902.388,2785.64,False,2,2,False,True,C,2011,False,False,2902.388,False
1004623,109.598,10333.35,False,3,3,False,True,C,2011,False,False,109.598,False
1004725,3110.92,3254.545,False,6,6,False,True,"L,OO",2018,True,False,3110.92,False
1005275,2675.04,2351.392,False,4,4,False,True,C,2012,False,False,2675.04,False
1005278,11.508,0.0,False,5,5,False,True,C,2011,False,False,29178.508,True
1005459,23828.28,32676.96,True,1,13,True,False,"OO,QQ,SS",2011,True,False,23828.28,False
1005546,4572.932,,False,1,1,False,True,C,2011,False,False,4572.932,False
1005890,1354.244,,False,1,1,False,True,C,2013,False,False,1354.244,False
1005934,1989.692,,False,1,1,False,True,C,2013,False,False,1989.692,False
1006105,45.348,38.66,True,8,13,False,False,C,2011,False,False,34107.848,True
1006123,22731.764,24080.1,True,4,13,False,False,C,2011,False,False,22731.764,False
1006154,23218.676,28398.16,True,6,13,True,False,"C,W-NGTC",2011,False,True,23218.676,False
1006165,4158.586,1996.492,False,5,5,False,True,"C,W-PROC",2011,False,True,4158.586,False
1006497,33.0,23.85,False,2,2,False,True,"C,NN-LDC,W-LDC",2011,True,True,33.0,False
1006521,6394.25,14818.5,False,5,5,False,True,TT,2011,False,False,6394.25,False
1006522,439.75,1056.5,False,4,4,False,True,TT,2011,False,False,439.75,False
1006541,21539.996,,False,3,3,False,True,C,2012,False,False,28648.996,True
1006599,7334.378,6686.878,False,7,7,False,True,"C,NN-FRAC,W-PROC",2011,True,True,7334.378,False
1006680,5638.848,3607.98,False,5,5,False,True,C,2011,False,False,271983.048,True
1006709,22435.436,25166.462,True,6,7,True,False,"C,W-PROC",2017,False,True,22435.436,False
1007014,24125.148,28553.736,True,2,13,True,False,C,2011,False,False,24128.448,False
1007410,20945.768,29115.792,True,6,10,True,False,"C,NN-FRAC,W-PROC",2011,True,True,20945.768,False
1007415,6612.276,5765.428,False,3,3,False,True,C,2011,False,False,6612.276,False
1007537,24700.41,33890.428,True,3,12,True,False,"C,W-PROC",2012,False,True,24700.41,False
1007608,7001.524,8890.516,False,3,3,False,True,C,2013,False,False,7001.524,False
1007629,9444.684,6956.972,False,2,2,False,True,C,2013,False,False,9444.684,False
1007714,5690.634,7878.528,False,12,12,False,True,"C,NN-FRAC,W-PROC",2011,True,True,5690.634,False
1007715,1200.348,879.438,False,11,11,False,True,"C,PP",2013,True,False,1200.348,False
1007775,758.048,826.848,False,5,5,False,True,"C,W-PROC",2011,False,True,758.048,False
1007872,373.648,,False,1,1,False,True,"C,NN-LDC,W-LDC",2011,True,True,373.648,False
1008069,8358.5,8564.5,False,5,5,False,True,TT,2011,False,False,8358.5,False
1008268,20706.432,38369.074,True,3,9,True,False,"C,W-PROC",2012,False,True,20706.432,False
1008445,11148.48,10441.428,False,4,4,False,True,"C,W-UNSTG",2011,False,True,11148.48,False
1008446,9740.982,8352.082,False,4,4,False,True,"C,W-UNSTG",2011,False,True,9740.982,False
1008454,557.848,,False,1,1,False,True,C,2013,False,False,557.848,False
1008506,17303.884,0.0,False,2,2,False,True,"C,W-ONSH",2011,False,True,17303.884,False
1008574,11132.056,,False,1,1,False,True,"C,W-PROC",2011,False,True,11132.056,False
1008652,24012.43,19625.29,True,7,13,False,False,"C,W-UNSTG",2011,False,True,24012.43,False
1008653,13811.072,11470.874,False,4,4,False,True,"C,W-UNSTG",2011,False,True,13811.072,False
1008667,13167.176,11783.724,False,4,4,False,True,"C,W-UNSTG",2011,False,True,13167.176,False
1008690,2603.808,,False,1,1,False,True,C,2012,False,False,2603.808,False
1008735,6395.8,20713.034,True,2,13,False,False,"C,Q",2011,False,False,6395.8,False
1008986,2155.592,,False,1,1,False,True,C,2011,False,False,2155.592,False
1008993,21458.582,27497.874,True,6,10,True,False,"C,W-PROC",2011,False,True,21458.582,False
1008996,3048.868,3730.14,False,4,4,False,True,C,2011,False,False,142437.068,True
1008997,12318.154,12388.152,False,5,5,False,True,C,2011,False,False,12318.154,False
1009149,10553.24,10767.75,False,5,5,False,True,"C,W-UNSTG",2011,False,True,10553.24,False
1009300,14228.76,21388.22,True,2,5,False,False,C,2011,False,False,14228.76,False
1009330,18001.66,19491.73,False,5,5,False,True,"C,W-PROC",2011,False,True,18001.66,False
1009552,23507.188,48372.068,True,1,4,True,False,C,2012,False,False,23507.188,False
1009574,23899.826,,True,1,3,False,False,C,2012,False,False,23899.826,False
1009599,23679.884,21238.088,False,6,6,False,True,"C,II",2011,False,False,23679.884,False
1009626,8895.881,14997.599,False,5,5,False,True,"C,I",2011,False,False,8895.881,False
1009764,2679.94,22158.016,True,2,13,False,False,C,2011,False,False,2679.94,False
1009839,412.25,95.3,False,7,7,False,True,W-LNGSTG,2011,False,True,412.25,False
1009879,24982.492,22761.064,False,6,6,False,True,"C,T",2011,False,False,24982.492,False
1009927,13695.96,22535.52,True,8,13,False,False,T,2011,False,False,13695.96,False
1010126,767.276,27.322,False,3,3,False,True,C,2011,False,False,28511.176000000003,True
1010158,3364.192,1566.844,False,2,2,False,True,"C,I",2011,False,False,3364.192,False
1010166,4918.932,67763.034,True,1,13,True,False,"C,II",2011,False,False,4918.932,False
1010187,7585.49,13791.95,False,4,4,False,True,"C,II",2011,False,False,9492.39,False
1010271,3876.636,13243.7,True,8,11,False,False,C,2011,False,False,3876.636,False
1010314,541.35,1016.55,True,10,12,False,False,W-UNSTG,2011,False,True,541.35,False
1010330,14251.61,,False,1,1,False,True,"C,W-ONSH",2011,False,True,14251.61,False
1010349,2998.94,2622.116,False,3,3,False,True,"C,I",2011,False,False,2998.94,False
1010512,31.1,344.9,False,3,3,False,True,C,2012,False,False,31.1,False
1010550,17838.76,49127.23,True,6,11,True,False,C,2012,False,False,17838.76,False
1010554,23884.746,24272.836,True,7,12,False,False,C,2012,False,False,36878.046,True
1010566,155.568,135.014,False,4,4,False,True,C,2012,False,False,30398.568,True
1010658,870.492,,True,1,11,False,False,C,2012,False,False,870.492,False
1010659,129.0,161.7,False,5,5,False,True,C,2012,False,False,129.0,False
1010668,5599.0,8943.0,False,3,3,False,True,TT,2012,False,False,5599.0,False
1010723,128.648,80.8,False,3,3,False,True,C,2012,False,False,128.648,False
1010748,22263.92,44153.946,True,1,11,True,False,"C,NN-FRAC,W-PROC",2013,True,True,22263.92,False
1010755,9739.864,10364.96,False,3,3,False,True,C,2012,False,False,9739.864,False
1010764,9016.488,936.88,False,6,6,False,True,"C,SS",2011,False,False,9016.488,False
1010836,122.1,,False,1,1,False,True,"C,N",2017,False,False,122.1,False
1010843,438.282,,False,1,1,False,True,C,2023,False,False,33233.282,True
1010858,23670.008,12604.834,False,5,5,False,True,"C,TT",2019,False,False,448360.00800000003,True
1010860,23325.312,32386.828,True,2,6,True,False,C,2018,False,False,23325.312,False
1010865,730.524,986.878,False,3,3,False,True,C,2017,False,False,33614.524,True
1010870,11058.108,,False,1,1,False,True,C,2013,False,False,11058.108,False
1010895,7204.486,3852.404,False,8,8,False,True,C,2012,False,False,241205.486,True
1010897,806.95,558.838,False,8,8,False,True,C,2012,False,False,37757.95,True
1010898,8744.982,6278.868,False,8,8,False,True,C,2012,False,False,310930.982,True
1011017,23801.012,24285.018,True,7,10,False,False,"C,NN-FRAC,W-PROC",2013,True,True,23801.012,False
1011029,238.178,124.862,False,3,3,False,True,C,2013,False,False,46442.178,True
1011030,298.446,150.79,False,3,3,False,True,C,2013,False,False,58328.446,True
1011047,2836.64,4373.184,False,2,2,False,True,C,2014,False,False,2836.64,False
1011065,21243.016,199780.77,True,1,11,True,False,"C,II",2013,False,False,21436.016,False
1011083,120.632,,False,1,1,False,True,C,2013,False,False,23565.332000000002,False
1011111,11082.21,3114.788,False,2,2,False,True,C,2013,False,False,11082.21,False
1011268,20302.02,10551.06,False,3,3,False,True,C,2013,False,False,20302.02,False
1011270,9529.764,49118.416,True,1,11,True,False,"C,NN-FRAC",2013,True,False,9529.764,False
1011293,19348.448,17127.618,False,3,3,False,True,C,2013,False,False,27423.748,True
1011500,21891.116,0.0,False,8,8,False,True,C,2015,False,False,21891.116,False
1011505,6914.924,7274.072,False,2,2,False,True,C,2014,False,False,6914.924,False
1011509,21646.276,47481.484,True,1,3,True,False,"C,W-PROC",2014,False,True,21646.276,False
1011510,20840.326,29039.7,True,4,10,True,False,"C,W-PROC",2014,False,True,20840.326,False
1011524,17215.492,27951.66,True,1,10,True,False,"C,W-PROC",2014,False,True,17215.492,False
1011548,11.4,,False,1,1,False,True,I,2014,False,False,11.4,False
1011549,818.196,97682.098,True,1,10,True,False,C,2014,False,False,818.196,False
1011553,10591.03,21088.216,True,5,10,False,False,"C,N",2014,False,False,10591.03,False
1011559,8983.356,,False,1,1,False,True,C,2014,False,False,8983.356,False
1011578,794.584,4259.898,False,3,3,False,True,C,2014,False,False,60286.084,True
1011661,15699.152,28165.152,True,1,2,True,False,C,2014,False,False,20484.652000000002,False
1011671,334.948,11567.943,False,3,3,False,True,"C,I",2014,False,False,334.948,False
1011679,9515.264,12378.304,False,3,3,False,True,C,2018,False,False,9515.264,False
1011681,879.184,26.5,False,10,10,False,True,C,2014,False,False,66218.184,True
1011694,5744.238,21618.732,True,8,9,False,False,C,2014,False,False,5852.138,False
1011705,31.8,124761.08,True,1,10,True,False,"C,NN-FRAC",2014,True,False,31.8,False
1011714,14531.828,14915.274,False,2,2,False,True,C,2014,False,False,14531.828,False
1011723,16.1,6376.076,False,3,3,False,True,C,2014,False,False,16.1,False
1011785,3762.0,24673.0,False,2,2,False,True,II,2014,False,False,3762.0,False
1011826,11103.528,11075.52,False,4,4,False,True,"C,I",2014,False,False,11103.528,False
1011849,2874.04,,False,1,1,False,True,C,2015,False,False,2874.04,False
1011885,1172.196,1216.496,False,8,8,False,True,C,2016,False,False,1172.196,False
1011887,11399.905,16450.153985,False,6,6,False,True,"C,I",2013,False,False,11399.905,False
1011905,470.004,0.0,False,5,5,False,True,I,2011,False,False,470.004,False
1011915,8045.62,,False,1,1,False,True,C,2015,False,False,8045.62,False
1011967,12256.408,13681.454,False,9,9,False,True,"C,NN-FRAC,W-PROC",2015,True,True,12256.408,False
1012000,1405.444,,False,1,1,False,True,C,2015,False,False,1405.444,False
1012002,327.748,,False,1,1,False,True,C,2015,False,False,327.748,False
1012049,23846.17,,False,1,1,False,True,"C,W-PROC",2015,False,True,23846.17,False
1012125,1282.47,,False,1,1,False,True,C,2014,False,False,27581.77,True
1012147,10208.062,9298.916,False,3,3,False,True,"C,NN-FRAC,W-PROC",2016,True,True,10208.062,False
1012161,19259.63,33231.38,True,1,8,True,False,"C,W-PROC",2016,False,True,19259.63,False
1012334,295.45,285.6,False,4,4,False,True,"C,OO",2018,True,False,295.45,False
1012347,12158.66,11177.062,False,6,6,False,True,"C,W-UNSTG",2018,False,True,12158.66,False
1012475,420.948,73364.724,True,1,8,True,False,C,2016,False,False,420.948,False
1012480,20164.924,18077.632,False,8,8,False,True,C,2016,False,False,20164.924,False
1012554,34.8,25184.054,True,6,7,True,False,C,2017,False,False,34.8,False
1012808,20646.0,14516.996,True,5,8,False,False,C,2015,False,False,20646.0,False
1012906,20087.996,23502.318,True,2,7,False,False,"C,W-PROC",2017,False,True,20087.996,False
1012919,4275.738,12434.76,False,2,2,False,True,"C,NN-FRAC,W-PROC",2017,True,True,4275.738,False
1012966,10693.2,9514.44,False,2,2,False,True,T,2017,False,False,10693.2,False
1012990,10200.212,19277.928,False,3,3,False,True,C,2017,False,False,10200.212,False
1012992,1923.375,2764.7027,False,4,4,False,True,"C,I",2017,False,False,1923.375,False
1013039,23802.56,29264.14,True,6,7,True,False,C,2017,False,False,23802.56,False
1013070,23774.96,29723.636,True,5,7,True,False,C,2017,False,False,23774.96,False
1013088,755.248,47332.74,True,1,5,True,False,C,2019,False,False,755.248,False
1013130,26.3,26131.852,True,6,7,True,False,C,2017,False,False,26.3,False
1013138,11008.308,12016.304,False,3,3,False,True,C,2017,False,False,11008.308,False
1013153,333.536,200.696,False,2,2,False,True,C,2018,False,False,15573.536,False
1013271,24983.756,24282.508,False,4,4,False,True,C,2018,False,False,24983.756,False
1013384,37.5,36275.322,True,1,6,True,False,C,2018,False,False,37.5,False
1013491,2066.592,2757.34,False,3,3,False,True,C,2018,False,False,2066.592,False
1013540,912.696,45412.632,True,4,5,True,False,C,2019,False,False,912.696,False
1013542,5422.18,1589675.704,True,1,5,True,False,C,2019,False,False,5422.18,False
1013588,15736.242,12504.126,False,5,5,False,True,"C,W-OFFSH",2019,False,True,15736.242,False
1013637,23795.144,24605.8,True,2,5,False,False,"C,II",2019,False,False,26856.044,True
1013639,19701.928,,False,1,1,False,True,"C,NN-FRAC,W-PROC",2023,True,True,19701.928,False
1013686,11960.956,7956.42,False,3,3,False,True,C,2019,False,False,11960.956,False
1013694,2574.14,15177.792,True,2,5,False,False,C,2019,False,False,2574.14,False
1013708,455.9,17659.68,True,3,5,False,False,C,2019,False,False,455.9,False
1013714,24693.858,38125.466,True,2,5,True,False,"C,W-PROC",2019,False,True,24693.858,False
1013716,11536.56,20240.124,True,3,5,False,False,C,2019,False,False,11536.56,False
1013754,19782.576,20035.224,False,3,3,False,True,C,2021,False,False,19782.576,False
1013755,21687.468,18384.68,False,3,3,False,True,C,2019,False,False,21687.468,False
1013954,8737.568,10117.912,False,3,3,False,True,C,2020,False,False,8737.568,False
1013980,3988.036,4284.084,False,2,2,False,True,C,2020,False,False,3988.036,False
1014136,2590.04,2590.04,False,2,2,False,True,C,2022,False,False,2590.04,False
1014177,4998.08,6101.376,False,2,2,False,True,C,2021,False,False,4998.08,False
1014398,8074.136,6485.894,False,2,2,False,True,C,2022,False,False,50225.335999999996,True
1014422,12662.176,11845.938,False,3,3,False,True,"C,W-OFFSH",2021,False,True,12662.176,False
1014519,95.8,,False,1,1,False,True,C,2023,False,False,95.8,False
1014541,15536.95,,False,1,1,False,True,"C,W-LNGSTG",2023,False,True,15536.95,False
1014553,8595.668,,False,1,1,False,True,C,2023,False,False,8595.668,False
1014561,10128.912,12312.312,False,5,5,False,True,C,2018,False,False,10128.912,False
1014605,1713.444,1347780.804,True,1,2,True,False,C,2022,False,False,1713.444,False
1014627,24957.456,,True,1,4,False,False,C,2019,False,False,24957.456,False
1014644,7387.072,,False,1,1,False,True,C,2023,False,False,7387.072,False
1014647,16494.874,,False,1,1,False,True,C,2022,False,False,16494.874,False
1014653,2480.64,6717.724,False,2,2,False,True,C,2022,False,False,2480.64,False
1014657,22694.97,27616.31,True,1,6,True,False,C,2018,False,False,75435.17,True
1014674,701.132,666.744,False,2,2,False,True,C,2022,False,False,26310.732,True
1014680,18358.126,7102.43,False,2,2,False,True,"C,W-PROC",2022,False,True,18358.126,False
1014691,188.7,146.3,False,2,2,False,True,"C,W-LNGSTG",2022,False,True,188.7,False
1014717,2973.688,,False,1,1,False,True,C,2022,False,False,2973.688,False
1014796,18072.144,,False,1,1,False,True,C,2023,False,False,18072.144,False
1014825,21550.309519320108,,False,1,1,False,True,"C,W-PROC",2023,False,True,21550.309519320108,False
1014827,2876.496,,False,1,1,False,True,"C,W-PROC",2023,False,True,2876.496,False
1014914,7154.426,,False,1,1,False,True,"C,W-PROC",2023,False,True,7154.426,False
1014921,6485.5,,False,1,1,False,True,TT,2023,False,False,6485.5,False
