sample,beta,n_moved,mean_excess,power_vs_zero,power,baseline_excess,se,n_obs,n_facilities,n_donor_above,n_growth_cells,n_boot_ok,mde_increment_at_80pct,mde_level_at_80pct,beta_at_80pct
federal threshold-bound,0.0,0,-0.042,0.154,0.027,-0.044,0.044,48024,5266,3514,11,1500,0.136,0.092,0.087
federal threshold-bound,0.02,70,-0.012,0.059,0.106,-0.044,0.044,48024,5266,3514,11,1500,0.136,0.092,0.087
federal threshold-bound,0.05,175,0.034,0.128,0.421,-0.044,0.044,48024,5266,3514,11,1500,0.136,0.092,0.087
federal threshold-bound,0.1,350,0.112,0.7,0.931,-0.044,0.044,48024,5266,3514,11,1500,0.136,0.092,0.087
federal threshold-bound,0.15,526,0.189,0.982,0.999,-0.044,0.044,48024,5266,3514,11,1500,0.136,0.092,0.087
federal threshold-bound,0.2,702,0.27,1.0,1.0,-0.044,0.044,48024,5266,3514,11,1500,0.136,0.092,0.087
federal threshold-bound,0.3,1054,0.437,1.0,1.0,-0.044,0.044,48024,5266,3514,11,1500,0.136,0.092,0.087
federal threshold-bound,0.4,1407,0.608,1.0,1.0,-0.044,0.044,48024,5266,3514,11,1500,0.136,0.092,0.087
federal threshold-bound,0.55,1933,0.88,1.0,1.0,-0.044,0.044,48024,5266,3514,11,1500,0.136,0.092,0.087
federal threshold-bound,0.75,2633,1.268,1.0,1.0,-0.044,0.044,48024,5266,3514,11,1500,0.136,0.092,0.087
federal threshold-bound,1.0,3514,1.805,1.0,1.0,-0.044,0.044,48024,5266,3514,11,1500,0.136,0.092,0.087
federal always-covered,0.0,0,0.027,0.065,0.037,0.018,0.084,36839,3406,1058,11,1500,0.247,0.265,0.153
federal always-covered,0.02,21,0.059,0.111,0.079,0.018,0.084,36839,3406,1058,11,1500,0.247,0.265,0.153
federal always-covered,0.05,52,0.101,0.214,0.161,0.018,0.084,36839,3406,1058,11,1500,0.247,0.265,0.153
federal always-covered,0.1,105,0.177,0.542,0.455,0.018,0.084,36839,3406,1058,11,1500,0.247,0.265,0.153
federal always-covered,0.15,159,0.26,0.841,0.789,0.018,0.084,36839,3406,1058,11,1500,0.247,0.265,0.153
federal always-covered,0.2,212,0.339,0.976,0.949,0.018,0.084,36839,3406,1058,11,1500,0.247,0.265,0.153
federal always-covered,0.3,316,0.501,0.999,0.999,0.018,0.084,36839,3406,1058,11,1500,0.247,0.265,0.153
federal always-covered,0.4,424,0.677,1.0,1.0,0.018,0.084,36839,3406,1058,11,1500,0.247,0.265,0.153
federal always-covered,0.55,581,0.954,1.0,1.0,0.018,0.084,36839,3406,1058,11,1500,0.247,0.265,0.153
federal always-covered,0.75,795,1.347,1.0,1.0,0.018,0.084,36839,3406,1058,11,1500,0.247,0.265,0.153
federal always-covered,1.0,1058,1.87,1.0,1.0,0.018,0.084,36839,3406,1058,11,1500,0.247,0.265,0.153
