sample,width,n_donors_moved,baseline,se,power,width_at_80pct
CA+WA,250,15,0.03,0.221,0.598,376.0
CA+WA,500,47,0.209,0.31,1.0,376.0
CA+WA,750,73,-0.003,0.368,1.0,376.0
CA+WA,1000,90,0.24,0.459,1.0,376.0
CA+WA,1500,151,0.72,0.514,1.0,376.0
CA+WA,2000,190,1.365,0.663,1.0,376.0
CA+WA,3000,294,3.08,0.785,1.0,376.0
CA+WA,5000,484,3.364,1.002,1.0,376.0
WA only (disclosure-only notch),250,3,-0.307,0.449,0.258,594.0
WA only (disclosure-only notch),500,9,-1.162,0.575,0.73,594.0
WA only (disclosure-only notch),750,13,-1.694,0.613,0.917,594.0
WA only (disclosure-only notch),1000,18,-1.749,0.777,0.953,594.0
WA only (disclosure-only notch),1500,24,-1.781,1.024,0.985,594.0
WA only (disclosure-only notch),2000,32,-1.593,1.172,1.0,594.0
WA only (disclosure-only notch),3000,51,-1.067,1.526,1.0,594.0
WA only (disclosure-only notch),5000,92,-1.693,2.087,1.0,594.0
