bin_w,order,excl_lo,seed,excess,lo,hi,sig,n_fit,n_excl,se
500,2,2000,5,1.845160454176687,0.3791736171659345,3.3644405785209113,True,274,41,0.7426096428122284
500,2,2000,11,1.845160454176687,0.4651025269191106,3.1988905928671882,True,274,41,0.7165709001279873
500,2,2000,23,1.845160454176687,0.38729151487000213,3.573468822643316,True,274,41,0.781402178644132
500,2,3000,5,2.542599090354771,0.7759349070817988,4.580737362242355,True,274,59,0.9718296895091952
500,2,3000,11,2.542599090354771,0.601749911457903,4.358494334383073,True,274,59,0.9796785532714621
500,2,3000,23,2.542599090354771,0.9313826565857293,4.8284818538359024,True,274,59,1.0108826602766492
500,2,5000,5,3.8954494063752745,1.5294727002499493,6.7999695862268466,True,274,94,1.4194284253500586
500,2,5000,11,3.8954494063752745,1.2319223218648165,6.863059795930821,True,274,94,1.4134477444317048
500,2,5000,23,3.8954494063752745,1.184360794036601,7.611519473044594,True,274,94,1.5928444363669878
500,3,2000,5,1.6297100554995656,0.3623241439430816,3.119676196522806,True,274,41,0.6836006658810815
500,3,2000,11,1.6297100554995656,0.3567919191405824,2.950109395708884,True,274,41,0.6978164468337428
500,3,2000,23,1.6297100554995656,0.33198884076783625,3.281120968169904,True,274,41,0.7338834671241704
500,3,3000,5,2.0928191202663973,0.4358327700871016,4.0863769792032505,True,274,59,0.9342521825019614
500,3,3000,11,2.0928191202663973,0.23302751344475517,4.149390771353649,True,274,59,0.9827851604482651
500,3,3000,23,2.0928191202663973,0.4512526337737495,4.154399985043616,True,274,59,0.9753583082636158
500,3,5000,5,2.9616625321309904,0.2162318546960903,6.622543578474381,True,274,94,1.6460073947709897
500,3,5000,11,2.9616625321309904,0.2547666987456157,6.773555853023577,True,274,94,1.6659624401300248
500,3,5000,23,2.9616625321309904,0.37619930741903795,7.4574720590322565,True,274,94,1.8301175828406875
500,4,2000,5,1.2582664259325675,0.08270413677303189,2.7562353639948047,True,274,41,0.6943290198074733
500,4,2000,11,1.2582664259325675,0.06444852828083694,2.8099792858209534,True,274,41,0.7008279489632268
500,4,2000,23,1.2582664259325675,-0.011933493208410556,2.9741827900989786,False,274,41,0.7489277857090113
500,4,3000,5,1.6094999870532527,0.05511371897355597,3.867923631748105,True,274,59,0.949381853893877
500,4,3000,11,1.6094999870532527,-0.11095838777200402,3.7512746233316845,False,274,59,0.9958657214125719
500,4,3000,23,1.6094999870532527,0.11215028358374657,3.7010206969681834,True,274,59,0.9812040083793545
500,4,5000,5,2.3851747808944435,-0.07863153432165414,6.010066420126884,False,274,94,1.602524008729602
500,4,5000,11,2.3851747808944435,-0.32990754480135714,5.812648809381905,False,274,94,1.5841685518333546
500,4,5000,23,2.3851747808944435,-0.060244817047596745,6.4421099188732,False,274,94,1.759597174204523
1000,2,2000,5,0.9368257110611509,0.2634005467974012,1.6395063985060063,True,274,41,0.367587649425
1000,2,2000,11,0.9368257110611509,0.23140713896654974,1.6831342913368486,True,274,41,0.3731340268877768
1000,2,2000,23,0.9368257110611509,0.3449195671470897,1.7825402554718863,True,274,41,0.35629314131940454
1000,2,3000,5,1.2964306583705207,0.4241980298754141,2.297804243058159,True,274,59,0.4851051688324854
1000,2,3000,11,1.2964306583705207,0.4526999186701284,2.399464350186155,True,274,59,0.5061904005381753
1000,2,3000,23,1.2964306583705207,0.4837597710062536,2.384511526776289,True,274,59,0.4619724169421521
1000,2,5000,5,2.0040247398251636,0.8410681157651831,3.4229345343641335,True,274,94,0.6943540064601215
1000,2,5000,11,2.0040247398251636,0.8755066829444296,3.5301868864862254,True,274,94,0.725345717700323
1000,2,5000,23,2.0040247398251636,0.7656893430690356,3.686586502182482,True,274,94,0.7231787021662955
1000,3,2000,5,0.8279147671942892,0.2459651136096298,1.5070312645903063,True,274,41,0.3260755070838103
1000,3,2000,11,0.8279147671942892,0.18632625351107626,1.479495826302595,True,274,41,0.3275265344584428
1000,3,2000,23,0.8279147671942892,0.30520091658644605,1.4835112829955368,True,274,41,0.31548001822289345
1000,3,3000,5,1.0686683433438928,0.2782465502107607,2.1335837852264223,True,274,59,0.45873331894385355
1000,3,3000,11,1.0686683433438928,0.2690045757412497,1.9985015905694576,True,274,59,0.45572092618950777
1000,3,3000,23,1.0686683433438928,0.33337449466702107,1.9933081117392673,True,274,59,0.42118791553157575
1000,3,5000,5,1.547771677828256,0.28627153470439326,3.4078103651744356,True,274,94,0.7639562552191353
1000,3,5000,11,1.547771677828256,0.2431537509035087,3.395401378291268,True,274,94,0.8204290503093049
1000,3,5000,23,1.547771677828256,0.22524962047491165,3.2819614484351427,True,274,94,0.7742341147686107
1000,4,2000,5,0.6171447285585818,0.08949709972966485,1.2497054049279088,True,274,41,0.3113754159120667
1000,4,2000,11,0.6171447285585818,0.02779663142783652,1.2545227412066735,True,274,41,0.3094351706359254
1000,4,2000,23,0.6171447285585818,0.0759379001775656,1.2737902149758116,True,274,41,0.317452919182779
1000,4,3000,5,0.7955489400230369,0.07970529479884475,1.818013656116539,True,274,59,0.45106356858950186
1000,4,3000,11,0.7955489400230369,0.03154352012714701,1.7634537919240045,True,274,59,0.44670721805684377
1000,4,3000,23,0.7955489400230369,0.04975058256409469,1.7480534954977072,True,274,59,0.4320546466632631
1000,4,5000,5,1.2380381396654545,0.18920500688241568,2.864045632568965,True,274,94,0.6976652119172614
1000,4,5000,11,1.2380381396654545,0.07513053996956075,2.890521542568193,True,274,94,0.7453878354249943
1000,4,5000,23,1.2380381396654545,0.001392521242283814,2.8172157386432515,True,274,94,0.7304852597681989
2000,2,2000,5,0.4879500992344769,0.26346421470621983,0.7881744920321072,True,274,41,0.13545023243333196
2000,2,2000,11,0.4879500992344769,0.26528637591447235,0.7746576579333448,True,274,41,0.13461665517626287
2000,2,2000,23,0.4879500992344769,0.286532350085218,0.7584710893543244,True,274,41,0.12008440150104678
2000,2,3000,5,0.8347144799635493,0.5169625530367253,1.1544382290994633,True,274,76,0.16397508908491287
2000,2,3000,11,0.8347144799635493,0.5413477826936902,1.1733396513324064,True,274,76,0.17110305759496322
2000,2,3000,23,0.8347144799635493,0.5005472658714004,1.165891999614025,True,274,76,0.1759458910218507
2000,2,5000,5,0.9590847595104316,0.5731853907829326,1.4002503385034013,True,274,108,0.2117485094090428
2000,2,5000,11,0.9590847595104316,0.5412610612663689,1.4147937364933951,True,274,108,0.22380432826888222
2000,2,5000,23,0.9590847595104316,0.5697206870621048,1.4610866161199276,True,274,108,0.22218464101050284
2000,3,2000,5,0.4291097503532675,0.2804777785473216,0.5926469963526909,True,274,41,0.08230318601384812
2000,3,2000,11,0.4291097503532675,0.2731797509238347,0.5907348790696093,True,274,41,0.08447177029244808
2000,3,2000,23,0.4291097503532675,0.2795143948438628,0.5789636019292057,True,274,41,0.07967173114107137
2000,3,3000,5,0.640295949737792,0.4221165857323744,0.8950031028811339,True,274,76,0.12496718392220743
2000,3,3000,11,0.640295949737792,0.4271897396978887,0.9124059355510182,True,274,76,0.12110022320441162
2000,3,3000,23,0.640295949737792,0.41858715589227413,0.9080552401122175,True,274,76,0.12092263449370405
2000,3,5000,5,0.48023538761389656,0.13610115376366017,0.928630121074358,True,274,108,0.18924934368303797
2000,3,5000,11,0.48023538761389656,0.13395357644058026,0.9319936618413099,True,274,108,0.20415374778810255
2000,3,5000,23,0.48023538761389656,0.18044609467286993,0.8819900138564772,True,274,108,0.19059264037201132
2000,4,2000,5,0.36625563909774017,0.22576656456405803,0.5217194206639948,True,274,41,0.07815263517163133
2000,4,2000,11,0.36625563909774017,0.21508566042086527,0.5356089571743045,True,274,41,0.08250630457897352
2000,4,2000,23,0.36625563909774017,0.22034799888639717,0.5128299041433861,True,274,41,0.07623529498179343
2000,4,3000,5,0.5625023692207303,0.3423104307125568,0.7974289960699688,True,274,76,0.11466606369607178
2000,4,3000,11,0.5625023692207303,0.3553947393888632,0.802041414951121,True,274,76,0.11460278002424806
2000,4,3000,23,0.5625023692207303,0.3521955601787252,0.8289578641827405,True,274,76,0.11884465408863974
