sample,b,nll,excess,bunch_above,attrition,nll_hat,b_hat,excess_hat,lr,secs
"CA + WA, PLACEBO notch 40,000",0.0,3638.120755804274,1.3673834856501749e-08,5.551115123125786e-16,0.1119547007594964,3636.474946791464,0.1109422371991651,0.0012609557560459,3.291618025621574,16.3
"CA + WA, PLACEBO notch 40,000",0.01,3637.587961373696,0.0001375582036687,2.942091015256665e-15,0.112128254752782,3636.474946791464,0.1109422371991651,0.0012609557560459,2.2260291644643075,16.4
"CA + WA, PLACEBO notch 40,000",0.02,3636.991900918718,0.0002745324113172,0.0,0.1111347690697534,3636.474946791464,0.1109422371991651,0.0012609557560459,1.0339082545087876,16.0
"CA + WA, PLACEBO notch 40,000",0.04,3636.515142998679,0.0005519529662099,1.1102230246251563e-16,0.1098253022652809,3636.474946791464,0.1109422371991651,0.0012609557560459,0.0803924144302072,16.1
"CA + WA, PLACEBO notch 40,000",0.06,3636.4514804095015,0.0008254324325232,4.440892098500626e-16,0.1106213877069952,3636.474946791464,0.1109422371991651,0.0012609557560459,-0.0469327639239054,16.2
"CA + WA, PLACEBO notch 40,000",0.08,3635.617552641023,0.0011007307125705,2.220446049250313e-16,0.1096922140919279,3636.4514804095015,0.06,0.0008254324325232,-1.6678555369571768,16.2
"CA + WA, PLACEBO notch 40,000",0.1,3635.798411286372,0.0013792798557384,1.1102230246251563e-16,0.1089323062337087,3636.4514804095015,0.06,0.0008254324325232,-1.306138246259252,16.2
"CA + WA, PLACEBO notch 40,000",0.12,3635.75608151537,0.0016537619783321,0.0,0.1079885645629706,3636.4514804095015,0.06,0.0008254324325232,-1.3907977882627165,16.1
"CA + WA, PLACEBO notch 40,000",0.15,3636.1769973858345,0.0020735442077619,3.885780586188048e-16,0.1071387520446821,3636.4514804095015,0.06,0.0008254324325232,-0.5489660473340336,16.1
"CA + WA, PLACEBO notch 40,000",0.2,3637.931963727143,0.0027570708051714,3.9968028886505635e-15,0.1090815001526787,3636.4514804095015,0.06,0.0008254324325232,2.9609666352826025,16.3
"CA + WA, PLACEBO notch 40,000",0.25,3640.3750395153056,0.0034599356238954,5.551115123125783e-17,0.1090552259121883,3636.4514804095015,0.06,0.0008254324325232,7.847118211608176,16.2
"CA + WA, PLACEBO notch 40,000",0.3,3643.826440940528,0.0041362362638594,0.0,0.1091382886848095,3636.4514804095015,0.06,0.0008254324325232,14.749921062053543,16.2
"CA + WA, notch 25,000",0.0,3738.113429992313,1.2912257374530521e-08,0.0,0.10901549289304,3736.407480512496,0.1193655161354694,0.0021761607481595,3.411898959634528,16.4
"CA + WA, notch 25,000",0.01,3737.84629200837,0.0001302224174955,5.384581669432009e-15,0.1087069225548853,3736.407480512496,0.1193655161354694,0.0021761607481595,2.8776229917493765,16.4
"CA + WA, notch 25,000",0.02,3737.630358886872,0.0002627956282912,0.0,0.1098554670317989,3736.407480512496,0.1193655161354694,0.0021761607481595,2.445756748752501,16.4
"CA + WA, notch 25,000",0.04,3737.242556996481,0.0005346358528969,0.0,0.1091082274826823,3736.407480512496,0.1193655161354694,0.0021761607481595,1.6701529679703526,16.6
"CA + WA, notch 25,000",0.06,3736.838678956015,0.0008193019231665,0.0,0.1086375269084925,3736.407480512496,0.1193655161354694,0.0021761607481595,0.8623968870369936,16.2
"CA + WA, notch 25,000",0.08,3736.5781525429234,0.0011055722001099,0.0,0.1092271844225134,3736.407480512496,0.1193655161354694,0.0021761607481595,0.3413440608546807,16.7
"CA + WA, notch 25,000",0.1,3736.4192220010855,0.0013961698089818,0.0,0.1087748624577547,3736.407480512496,0.1193655161354694,0.0021761607481595,0.0234829771789009,17.0
"CA + WA, notch 25,000",0.12,3736.314376017344,0.0017208298412845,3.164135620181696e-15,0.1093396890112187,3736.407480512496,0.1193655161354694,0.0021761607481595,-0.1862089903033847,16.8
"CA + WA, notch 25,000",0.15,3736.5051123713656,0.0021853943394248,0.0,0.1100606399879067,3736.407480512496,0.1193655161354694,0.0021761607481595,0.1952637177391807,16.6
"CA + WA, notch 25,000",0.2,3737.098919270704,0.0030201871575814,1.1102230246251563e-16,0.1089752307432588,3736.407480512496,0.1193655161354694,0.0021761607481595,1.3828775164165563,16.6
"CA + WA, notch 25,000",0.25,3738.671757762416,0.0038553520088953,0.0,0.1092358921073228,3736.407480512496,0.1193655161354694,0.0021761607481595,4.528554499839629,16.9
"CA + WA, notch 25,000",0.3,3740.875060469441,0.0047412152566771,0.0,0.1088503559042638,3736.407480512496,0.1193655161354694,0.0021761607481595,8.935159913889038,16.5
"CA + WA, notch 25,000",0.4,3747.995040440288,0.0065544623401538,0.0,0.1090980926317141,3736.407480512496,0.1193655161354694,0.0021761607481595,23.175119855583944,16.7
"CA + WA, notch 25,000",0.5,3759.443045198106,0.0084435397578555,8.881784197001252e-16,0.1101141327451563,3736.407480512496,0.1193655161354694,0.0021761607481595,46.0711293712202,16.6
"CA + WA, notch 25,000",0.65,3788.453772683992,0.0112156155609834,1.9984014443252818e-15,0.1098165270782524,3736.407480512496,0.1193655161354694,0.0021761607481595,104.09258434299136,16.6
"CA only, notch 25,000",0.0,3464.3301786961806,1.27806265493073e-08,3.3306690738754696e-16,0.113357996795562,3462.276006086577,0.2028088092311386,0.0035801097998361,4.108345219206967,13.6
"CA only, notch 25,000",0.01,3463.8105721954976,0.0001293841909318,0.0,0.1136147019390301,3462.276006086577,0.2028088092311386,0.0035801097998361,3.069132217840888,13.8
"CA only, notch 25,000",0.02,3463.960246330018,0.000264221869416,1.1102230246251563e-15,0.1136843932599326,3462.276006086577,0.2028088092311386,0.0035801097998361,3.368480486881708,13.9
"CA only, notch 25,000",0.04,3463.1273117182486,0.0005371241717282,0.0,0.1159008783340671,3462.276006086577,0.2028088092311386,0.0035801097998361,1.7026112633429875,13.7
"CA only, notch 25,000",0.06,3462.5388674365527,0.0008179768154494,9.992007221626409e-16,0.1144878573750673,3462.276006086577,0.2028088092311386,0.0035801097998361,0.5257226999510749,13.7
"CA only, notch 25,000",0.08,3462.2314018913294,0.001116127718604,1.8318679906315083e-15,0.1150568196347191,3462.276006086577,0.2028088092311386,0.0035801097998361,-0.0892083904955143,13.7
"CA only, notch 25,000",0.1,3461.77388889372,0.001421467797826,7.438494264988549e-15,0.1150021732599271,3462.276006086577,0.2028088092311386,0.0035801097998361,-1.0042343857139713,13.7
"CA only, notch 25,000",0.12,3461.88372539707,0.0017330425387254,1.054711873393899e-15,0.1149594081412783,3462.276006086577,0.2028088092311386,0.0035801097998361,-0.7845613790141215,13.7
"CA only, notch 25,000",0.15,3460.9649703538303,0.0022338028091173,0.0,0.1150766073698497,3461.77388889372,0.1,0.001421467797826,-1.617837079779747,14.2
"CA only, notch 25,000",0.2,3460.982143198365,0.0030861506658768,2.275957200481571e-15,0.114810214853085,3461.77388889372,0.1,0.001421467797826,-1.5834913907092414,13.8
"CA only, notch 25,000",0.25,3461.462194671749,0.0039825384981153,9.992007221626409e-16,0.1147874765356416,3461.77388889372,0.1,0.001421467797826,-0.623388443942531,13.8
"CA only, notch 25,000",0.3,3462.5791378123577,0.0049083155452896,5.495603971894525e-15,0.1151592220929609,3461.77388889372,0.1,0.001421467797826,1.6104978372750338,13.8
"CA only, notch 25,000",0.4,3466.8875174160203,0.0068676063774467,0.0,0.11525961668127,3461.77388889372,0.1,0.001421467797826,10.227257044600265,13.7
"CA only, notch 25,000",0.5,3474.739900062937,0.0089090711964796,0.0,0.1151992115141546,3461.77388889372,0.1,0.001421467797826,25.932022338434763,13.7
"WA 2012-2022, notch 25,000",0.0,-199.3522309237287,1.40784498104043e-08,3.3306690738754696e-16,0.0074051747663064,-199.34085051346048,2.970821255665612e-09,4.19315201644001e-12,-0.0227608205364617,5.7
"WA 2012-2022, notch 25,000",0.01,-199.2293760095511,0.0001413865685891,0.0,0.0073305790542617,-199.34085051346048,2.970821255665612e-09,4.19315201644001e-12,0.2229490078187836,5.8
"WA 2012-2022, notch 25,000",0.02,-199.0996837241976,0.0002834043288286,4.996003610813204e-16,0.0072725071287697,-199.34085051346048,2.970821255665612e-09,4.19315201644001e-12,0.4823335785257541,5.8
"WA 2012-2022, notch 25,000",0.04,-198.8443363201705,0.0005682783966576,7.2164496600635185e-16,0.0071594030104035,-199.34085051346048,2.970821255665612e-09,4.19315201644001e-12,0.9930283865799652,5.8
"WA 2012-2022, notch 25,000",0.06,-198.53864577506715,0.0008586625493431,0.0,0.0073524988671883,-199.34085051346048,2.970821255665612e-09,4.19315201644001e-12,1.6044094767866568,5.8
"WA 2012-2022, notch 25,000",0.08,-198.24060342995224,0.0011539819362777,1.4988010832439613e-15,0.0072669190178467,-199.34085051346048,2.970821255665612e-09,4.19315201644001e-12,2.200494167016529,5.7
"WA 2012-2022, notch 25,000",0.1,-197.91663681292383,0.001447361280909,2.220446049250313e-16,0.0071295146188516,-199.34085051346048,2.970821255665612e-09,4.19315201644001e-12,2.848427401073252,5.8
"WA 2012-2022, notch 25,000",0.12,-197.58912716990497,0.0017437301762708,3.164135620181696e-15,0.0069332470721517,-199.34085051346048,2.970821255665612e-09,4.19315201644001e-12,3.5034466871110226,5.9
"WA 2012-2022, notch 25,000",0.15,-197.05738337193608,0.0021874158423564,2.720046410331633e-15,0.0071098051124477,-199.34085051346048,2.970821255665612e-09,4.19315201644001e-12,4.566934283048852,5.8
"WA 2012-2022, notch 25,000",0.2,-196.08727216193563,0.0029402135705832,0.0,0.0068856251399984,-199.34085051346048,2.970821255665612e-09,4.19315201644001e-12,6.507156703049702,5.9
"WA 2012-2022, notch 25,000",0.25,-195.00394138907023,0.003703337910381,5.551115123125783e-17,0.0069452421648451,-199.34085051346048,2.970821255665612e-09,4.19315201644001e-12,8.673818248780492,5.8
"WA 2012-2022, notch 25,000",0.3,-193.78322476922028,0.0044582446975033,0.0,0.0070796202793065,-199.34085051346048,2.970821255665612e-09,4.19315201644001e-12,11.115251488480396,5.8
"WA 2012-2022, notch 25,000",0.4,-190.9156749688197,0.0060379641345507,2.4980018054066026e-15,0.007076139913273,-199.34085051346048,2.970821255665612e-09,4.19315201644001e-12,16.85035108928156,5.8
"WA 2012-2022, notch 25,000",0.5,-187.29820540851028,0.0075790537371656,3.83026943495679e-15,0.0072104403902459,-199.34085051346048,2.970821255665612e-09,4.19315201644001e-12,24.0852902099004,5.8
federal always-covered (placebo),0.0,5207.198924023322,0.0005608851963209,0.0158100878171042,0.0931851494287889,5207.299187108573,1.1449399150986752e-08,0.0005611281497427,-0.2005261705016892,17.9
federal always-covered (placebo),0.01,5207.206106542269,0.000648064979129,0.0158250910854579,0.0936899753382541,5207.299187108573,1.1449399150986752e-08,0.0005611281497427,-0.1861611326094134,18.0
federal always-covered (placebo),0.02,5207.2830356210015,0.0007370560358227,0.0158893251115506,0.0929438911064319,5207.299187108573,1.1449399150986752e-08,0.0005611281497427,-0.032302975143466,17.7
federal always-covered (placebo),0.04,5207.493558675443,0.0009088120522367,0.0158424549090738,0.0930806185542281,5207.299187108573,1.1449399150986752e-08,0.0005611281497427,0.3887431337388989,17.9
federal always-covered (placebo),0.06,5207.862991350454,0.0010831042309066,0.0158513371590669,0.0930898217937889,5207.299187108573,1.1449399150986752e-08,0.0005611281497427,1.1276084837609233,17.7
federal always-covered (placebo),0.08,5208.291984682845,0.0012539543434583577,0.015783566507416358,0.09304806529059724,5207.198924023322,0.0,0.0005608851963209532,2.186121319045924,17.8
federal always-covered (placebo),0.1,5208.866864793762,0.001431739234380726,0.015900818700816,0.09321400975227274,5207.198924023322,0.0,0.0005608851963209532,3.3358815408791997,17.8
federal always-covered (placebo),0.12,5209.54292994817,0.0016007029204823068,0.01574419790608861,0.09341011819397811,5207.198924023322,0.0,0.0005608851963209532,4.688011849695613,17.5
federal always-covered (placebo),0.15,5210.7828636729455,0.00185953934888161,0.01569200644423774,0.0929798507186302,5207.198924023322,0.0,0.0005608851963209532,7.167879299246124,17.7
federal always-covered (placebo),0.2,5213.340226619104,0.002296398119548841,0.015719004596379982,0.0933485711304671,5207.198924023322,0.0,0.0005608851963209532,12.282605191563562,17.9
federal always-covered (placebo),0.25,5216.534718846476,0.002731898617766458,0.015747641377860055,0.09297968787230543,5207.198924023322,0.0,0.0005608851963209532,18.67158964630653,17.5
