spec,n,n_elig,p_elig,p_other,diff,se,t,lo,hi
baseline (crosswalk + geo fallback),628,316,0.7247,0.25,0.4747,0.0351,13.52,0.4059,0.5435
EPA crosswalk matches only,465,227,0.7621,0.1681,0.594,0.0372,15.96,0.5211,0.667
high-confidence geo only,71,38,0.5526,0.3939,0.1587,0.1172,1.35,-0.0711,0.3884
within 1 km,118,63,0.619,0.4727,0.1463,0.091,1.61,-0.032,0.3246
still operable 2 years after exit,628,316,0.6709,0.2083,0.4626,0.035,13.2,0.3939,0.5312
STILL GENERATING (EIA-923) after exit,628,316,0.6329,0.1891,0.4438,0.035,12.67,0.3752,0.5125
still generating 2 years after exit,628,316,0.5728,0.1603,0.4125,0.0347,11.88,0.3445,0.4806
generating + threshold-bound only,266,131,0.6107,0.363,0.2477,0.0594,4.17,0.1313,0.3641
threshold-bound facilities only,266,131,0.7099,0.4444,0.2655,0.0583,4.55,0.1512,0.3798
exits 2010-2019 (2 yrs of follow-up),519,267,0.7491,0.2659,0.4832,0.0385,12.57,0.4078,0.5586
NAICS 221 (utilities) only,442,218,0.7615,0.1562,0.6052,0.0377,16.05,0.5313,0.6791
