naics3,ghgrp_facilities,ghgrp_emissions,qcew_estabs,qcew_emplvl,qcew_pay,visible_pct,emissions_Mt
221,1352,1574306955.0965183,22173.0,556233.0,114242.0,6.098,1574.3
325,656,203943469.13213986,23459.0,911134.0,89503.0,2.796,203.9
324,164,190332797.996,2445.0,104417.0,109091.0,6.708,190.3
327,353,104676658.962,17391.0,416568.0,68113.0,2.03,104.7
562,1192,91606903.508226,33718.0,479711.0,65029.0,3.535,91.6
331,274,73844053.965196,5777.0,364631.0,80970.0,4.743,73.8
211,545,67338502.42741501,6419.0,112661.0,109244.0,8.49,67.3
486,706,40618560.1594,3308.0,49711.0,119200.5,21.342,40.6
322,211,36858295.614,5492.0,362711.0,74167.0,3.842,36.9
212,116,36740154.089999996,7200.0,179660.0,84436.0,1.611,36.7
311,343,34765184.486,39533.0,1703115.0,56256.0,0.868,34.8
488,9,9282021.581999999,54677.0,790890.0,65901.0,0.016,9.3
611,123,8823158.790000001,153672.0,3022972.0,49059.0,0.08,8.8
334,46,6221009.2788474,24115.0,1092928.0,92843.5,0.191,6.2
<NA,8,3961023.412,,,,,4.0
336,76,3326573.4916,17104.0,1710383.0,74117.0,0.444,3.3
928,45,2407863.986,,,,,2.4
312,31,1897201.822,15818.0,325448.0,51113.0,0.196,1.9
561,2,1745825.214,625214.0,9142550.0,50544.0,0.0,1.7
321,39,1560388.256,15725.0,427443.0,58306.0,0.248,1.6
213,13,1405181.332,17034.0,261084.0,83484.0,0.076,1.4
326,34,1395412.19,13952.0,748309.0,61190.0,0.244,1.4
622,28,1075588.294,13477.0,5109044.0,73418.5,0.208,1.1
332,29,943630.004,60123.0,1429382.0,63879.5,0.048,0.9
541,16,695619.782,1575945.0,10581375.0,95276.0,0.001,0.7
333,14,513771.706,32740.0,1106907.0,72677.0,0.043,0.5
531,8,493208.12,414024.0,1797848.0,60405.0,0.002,0.5
493,10,410136.282,21296.0,1906789.0,47834.0,0.047,0.4
335,11,344683.29229,9378.0,408706.0,74506.0,0.117,0.3
313,6,322045.218,2749.0,95657.0,56007.0,0.218,0.3
923,3,301346.672,,,,,0.3
424,7,274068.248,179079.0,2180799.0,78258.0,0.004,0.3
721,4,225953.14,77007.0,1777717.0,33728.0,0.005,0.2
924,3,197678.532,,,,,0.2
339,3,183623.26,35844.0,639892.0,64148.0,0.008,0.2
921,3,160275.344,,,,,0.2
813,2,120837.504,169860.0,1336296.0,47630.0,0.001,0.1
314,5,117743.95599999999,6424.0,104792.0,45271.5,0.078,0.1
518,3,111857.32800000001,46745.0,469704.0,124649.0,0.006,0.1
713,1,101833.554,93232.0,1656599.0,25700.0,0.001,0.1
115,2,99140.276,21466.0,388078.0,48149.0,0.009,0.1
111,4,99015.32800000001,51960.0,553107.0,41480.0,0.008,0.1
481,2,78820.728,6863.0,511137.0,85198.0,0.029,0.1
621,1,74196.306,687550.0,8152664.0,72717.0,0.0,0.1
927,1,62415.714,,,,,0.1
323,2,56441.009999999995,28264.0,378972.0,52267.0,0.007,0.1
237,2,48310.304000000004,56045.0,1069194.0,81141.0,0.004,0.0
423,2,38133.312,328333.0,3312183.0,86659.0,0.001,0.0
485,1,27695.04,20889.0,408436.0,35152.0,0.005,0.0
551,1,24823.256,87667.0,2520065.0,126476.0,0.001,0.0
926,1,9513.316,,,,,0.0
922,1,9314.364,,,,,0.0
