outcome,spec,var,coef,se,t,p,n,n_clusters,ymean
in_band,A1 already-reports only,parent_already_reports,-0.009368786165533967,0.01072289479480435,-0.8737179973148204,0.3822718473764374,17223,1819,0.16443128374847588
in_band,A2 + parent scale,parent_already_reports,-0.006510871619778188,0.013799799762756571,-0.47180913721298895,0.6370630283749479,17223,1819,0.16443128374847588
in_band,A2 + parent scale,log_parent_n,-0.000934182816411817,0.008650351093748294,-0.10799363011831524,0.9140007450880865,17223,1819,0.16443128374847588
in_band,A2 + parent scale,log_parent_em_oth,-0.001190710740512072,0.005625255037006885,-0.2116723122202885,0.8323626902809357,17223,1819,0.16443128374847588
in_band,A2 + parent scale,solo_facility,-0.023017347103994685,0.059930290283617016,-0.384068673705171,0.7009275489787796,17223,1819,0.16443128374847588
eligible,B1 already-reports only,parent_already_reports,0.004765939353548352,0.005031760560864057,0.9471713321609131,0.3435514809694018,53398,3206,0.036705494587812276
eligible,B2 + parent scale,parent_already_reports,0.023111043733761785,0.0063811605994991,3.6217618054583873,0.00029260347942503277,53398,3206,0.036705494587812276
eligible,B2 + parent scale,log_parent_n,0.0023285442805355285,0.004617241811084523,0.5043149949273693,0.6140400418952339,53398,3206,0.036705494587812276
eligible,B2 + parent scale,log_parent_em_oth,-0.007833762734715057,0.003100731532665579,-2.526424055803591,0.011523029886505515,53398,3206,0.036705494587812276
eligible,B2 + parent scale,solo_facility,-0.09355995295143858,0.03413384760053209,-2.7409729499694646,0.006125755038644097,53398,3206,0.036705494587812276
exits,C1 already-reports only,parent_already_reports,-0.03522908227207401,0.036827281890575284,-0.9566028352771189,0.338767757219428,1960,583,0.3081632653061224
exits,C2 + parent scale,parent_already_reports,-0.035287892965883666,0.04464331510539223,-0.7904406938099771,0.4292704446153285,1960,583,0.3081632653061224
exits,C2 + parent scale,log_parent_n,0.07026438552485355,0.028330485398085168,2.4801687841748965,0.01313202044598444,1960,583,0.3081632653061224
exits,C2 + parent scale,log_parent_em_oth,-0.023311071992800414,0.013622684934761242,-1.7111951208177139,0.08704509910033296,1960,583,0.3081632653061224
exits,C2 + parent scale,solo_facility,-0.1642828016335118,0.13663581801880662,-1.202340674762893,0.22923156395902622,1960,583,0.3081632653061224
in_band,D1 assets,log_assets,0.0018961115851395417,0.00502164948376811,0.37758740255935797,0.7057371243951833,6042,281,0.16451506123800066
in_band,D2 revenue,log_revenue,-0.0022963758758206415,0.0047648934286305894,-0.48193646095472287,0.6298510839132596,6042,281,0.16451506123800066
in_band,D3 employment,log_emp,0.0017117484139175484,0.004164952236224979,0.4109887261201918,0.6810808014316523,5709,273,0.16307584515677
in_band,D4 assets + parent controls,log_assets,-0.0008028726193444993,0.005599767077144813,-0.14337607409090036,0.8859931778458108,6042,281,0.16451506123800066
in_band,D4 assets + parent controls,parent_already_reports,0.029345587678152023,0.016278434814903833,1.802727842807373,0.07143096724710732,6042,281,0.16451506123800066
in_band,D4 assets + parent controls,log_parent_n,-0.0021615223344036427,0.008527108516885795,-0.2534883108527693,0.7998908928577579,6042,281,0.16451506123800066
eligible,E1 assets,log_assets,0.0002617499463818668,0.0027428013149608,0.09543161035913668,0.9239720092111455,18528,379,0.03443436960276339
eligible,E2 revenue,log_revenue,-0.0012118229569904196,0.0027433605350338187,-0.44172938318349064,0.6586850444194589,18528,379,0.03443436960276339
