cutoff,naics3,n_near,ratio
25000,211,1067,0.998
25000,212,206,1.06
25000,221,997,0.928
25000,311,809,0.954
25000,322,260,0.862
25000,325,638,1.074
25000,327,365,1.421
25000,331,368,0.725
25000,336,225,0.977
25000,486,1303,1.006
25000,562,1660,0.852
25000,611,221,1.495
40000,211,961,0.941
40000,221,723,0.994
40000,311,710,1.139
40000,325,614,0.695
40000,327,399,1.143
40000,331,336,0.672
40000,486,1122,0.829
40000,562,1485,0.839
60000,211,479,0.776
60000,221,439,0.942
60000,311,296,0.407
60000,325,483,0.434
60000,327,232,0.597
60000,331,228,0.702
60000,486,635,0.698
60000,562,1209,0.678
