variable,tb_mean,tb_sd,ac_mean,ac_sd,norm_diff,abs_ND
CH4 share of emissions,0.06995369612179116,0.17134170787061553,0.4351602078851167,0.49111437034397776,-0.9929530024590805,0.9929530024590805
log Emissions,10.889359270728445,1.2671927106854726,11.915394746743395,1.987018858637,-0.6157063094668183,0.6157063094668183
CO2 share of emissions,0.9183542533654725,0.1895028005296543,0.7380342096940481,0.42834011569307356,0.5444449657747473,0.5444449657747473
Emissions (tCO2e),118579.98354755383,342672.82545535895,811491.4676577679,1886751.7534054017,-0.5110116186462789,0.5110116186462789
First year in panel,2010.9630573011564,2.244634952844875,2010.278552424123,1.2565259937111748,0.3763162582709925,0.3763162582709925
Years observed,11.985516677202247,3.258768585937222,13.037470437524636,2.4445767414655886,-0.3651876728160293,0.3651876728160293
Subparts reported,1.5164540958613766,0.6247645368510416,1.735933188805676,0.7072978184654695,-0.3289020514077295,0.3289020514077295
CEMS (=1),0.01604506748968133,0.12564997744138237,0.07617264485612929,0.26527741456157977,-0.2896915311680604,0.2896915311680604
Enters (=1),0.03837429814449857,0.19209996742093086,0.010272960189199843,0.10083489952839114,0.18317641420652386,0.18317641420652386
Exits (=1),0.030398244896441454,0.17168208876837782,0.01657962160031533,0.12769157932876643,0.09133609826732107,0.09133609826732107
N2O share of emissions,0.006151582657329443,0.043105949840938164,0.010871406183378904,0.08014132692323009,-0.07335095722289625,0.07335095722289625
Longitude,-93.05124020618139,17.328028196601597,-92.16791117304066,14.882747852493285,-0.05468943880078761,0.05468943880078761
Latitude,37.494608476190166,6.30374073618302,37.292609961721034,5.393120965934074,0.03443473030340091,0.03443473030340091
